/*
 Navicat Premium Data Transfer

 Source Server         : huike
 Source Server Type    : MySQL
 Source Server Version : 50734
 Source Host           : 39.96.56.19:3306
 Source Schema         : ccb

 Target Server Type    : MySQL
 Target Server Version : 50734
 File Encoding         : 65001

 Date: 02/01/2022 10:14:20
*/

SET NAMES utf8mb4;
SET FOREIGN_KEY_CHECKS = 0;

-- ----------------------------
-- Table structure for advertisement
-- ----------------------------
DROP TABLE IF EXISTS `advertisement`;
CREATE TABLE `advertisement`  (
  `id` bigint(20) NOT NULL AUTO_INCREMENT COMMENT '广告id',
  `image_url` varchar(255) CHARACTER SET utf8mb4 COLLATE utf8mb4_general_ci NOT NULL DEFAULT '' COMMENT '图片url',
  `create_time` datetime(0) NOT NULL COMMENT '创建时间',
  `update_time` datetime(0) NOT NULL COMMENT '更新时间',
  `target_url` varchar(255) CHARACTER SET utf8mb4 COLLATE utf8mb4_general_ci NOT NULL DEFAULT '' COMMENT '跳转的url',
  `channel_id` bigint(20) NOT NULL DEFAULT 0 COMMENT '频道编号',
  PRIMARY KEY (`id`) USING BTREE
) ENGINE = InnoDB AUTO_INCREMENT = 10 CHARACTER SET = utf8mb4 COLLATE = utf8mb4_general_ci ROW_FORMAT = Dynamic;

-- ----------------------------
-- Records of advertisement
-- ----------------------------
INSERT INTO `advertisement` VALUES (7, 'http://admin-ccb.cczuit.cn/upload/img/20211022204312939.jpg', '2021-10-22 20:43:24', '2021-10-22 20:43:24', 'http://www.baidu.com', 14);
INSERT INTO `advertisement` VALUES (9, 'http://admin-ccb.cczuit.cn/upload/img/20211220131558912.gif', '2021-12-17 10:45:34', '2021-12-20 13:16:00', 'http://www2.ccb.com/cn/home/privatebank/service/377339.html', 17);

-- ----------------------------
-- Table structure for answer
-- ----------------------------
DROP TABLE IF EXISTS `answer`;
CREATE TABLE `answer`  (
  `id` bigint(20) NOT NULL AUTO_INCREMENT COMMENT '回答编号（单位是每题）',
  `question_id` bigint(20) NOT NULL DEFAULT 0 COMMENT '对应题目编号',
  `result` varchar(200) CHARACTER SET utf8mb4 COLLATE utf8mb4_general_ci NOT NULL DEFAULT '' COMMENT '回答结果',
  `channel_id` bigint(20) NOT NULL DEFAULT 0 COMMENT '对应频道id',
  `create_time` datetime(0) NOT NULL COMMENT '创建时间',
  `update_time` datetime(0) NOT NULL ON UPDATE CURRENT_TIMESTAMP(0) COMMENT '更新时间',
  PRIMARY KEY (`id`) USING BTREE
) ENGINE = InnoDB AUTO_INCREMENT = 428 CHARACTER SET = utf8mb4 COLLATE = utf8mb4_general_ci ROW_FORMAT = Dynamic;

-- ----------------------------
-- Records of answer
-- ----------------------------
INSERT INTO `answer` VALUES (37, 9, 'A', 14, '2021-10-24 05:13:51', '2021-10-24 20:43:04');
INSERT INTO `answer` VALUES (38, 9, 'B', 14, '2021-10-24 05:13:51', '2021-10-24 20:43:09');
INSERT INTO `answer` VALUES (39, 7, 'AB', 15, '2021-10-24 12:19:44', '2021-10-24 20:43:43');
INSERT INTO `answer` VALUES (40, 7, 'AB', 15, '2021-10-24 12:20:06', '2021-10-24 20:43:46');
INSERT INTO `answer` VALUES (41, 7, 'AB', 15, '2021-10-24 12:20:20', '2021-10-24 20:43:51');
INSERT INTO `answer` VALUES (42, 3, 'AB', 1, '2021-10-24 12:51:54', '2021-10-24 12:51:54');
INSERT INTO `answer` VALUES (43, 7, 'A', 14, '2021-11-09 06:57:46', '2021-11-09 06:57:46');
INSERT INTO `answer` VALUES (44, 7, 'B', 14, '2021-11-09 06:57:46', '2021-11-09 06:57:46');
INSERT INTO `answer` VALUES (45, 7, 'A', 14, '2021-11-09 07:03:17', '2021-11-09 07:03:17');
INSERT INTO `answer` VALUES (46, 7, 'A', 14, '2021-11-09 07:31:37', '2021-11-09 07:31:37');
INSERT INTO `answer` VALUES (47, 7, 'A', 14, '2021-11-09 09:46:26', '2021-11-09 09:46:26');
INSERT INTO `answer` VALUES (48, 7, 'A', 14, '2021-11-09 09:56:44', '2021-11-09 09:56:44');
INSERT INTO `answer` VALUES (49, 7, 'A', 14, '2021-11-09 09:59:58', '2021-11-09 09:59:58');
INSERT INTO `answer` VALUES (50, 7, 'B', 14, '2021-11-09 11:36:32', '2021-11-09 11:36:32');
INSERT INTO `answer` VALUES (51, 7, 'B', 14, '2021-11-09 11:38:37', '2021-11-09 11:38:37');
INSERT INTO `answer` VALUES (52, 7, 'A&B&C', 14, '2021-11-09 11:39:13', '2021-11-09 11:39:13');
INSERT INTO `answer` VALUES (53, 6, '问题六的结果', 6, '2021-11-09 11:44:12', '2021-11-09 11:44:12');
INSERT INTO `answer` VALUES (54, 7, 'A', 14, '2021-11-09 11:45:08', '2021-11-09 11:45:08');
INSERT INTO `answer` VALUES (55, 7, 'C', 14, '2021-11-09 11:53:57', '2021-11-09 11:53:57');
INSERT INTO `answer` VALUES (56, 7, 'B&C', 14, '2021-11-09 12:58:31', '2021-11-09 12:58:31');
INSERT INTO `answer` VALUES (57, 7, 'B&C', 14, '2021-11-09 12:58:31', '2021-11-09 12:58:31');
INSERT INTO `answer` VALUES (58, 7, 'B&C', 14, '2021-11-09 12:58:37', '2021-11-09 12:58:37');
INSERT INTO `answer` VALUES (59, 7, 'B&C', 14, '2021-11-09 12:58:37', '2021-11-09 12:58:37');
INSERT INTO `answer` VALUES (60, 7, 'B&C', 14, '2021-11-09 12:58:46', '2021-11-09 12:58:46');
INSERT INTO `answer` VALUES (61, 7, 'B&C', 14, '2021-11-09 12:58:46', '2021-11-09 12:58:46');
INSERT INTO `answer` VALUES (62, 7, 'B&C', 14, '2021-11-09 12:59:02', '2021-11-09 12:59:02');
INSERT INTO `answer` VALUES (63, 7, 'B&C', 14, '2021-11-09 12:59:02', '2021-11-09 12:59:02');
INSERT INTO `answer` VALUES (64, 7, 'B&C', 14, '2021-11-09 12:59:24', '2021-11-09 12:59:24');
INSERT INTO `answer` VALUES (65, 7, 'B&C', 14, '2021-11-09 12:59:24', '2021-11-09 12:59:24');
INSERT INTO `answer` VALUES (66, 7, 'B&C', 14, '2021-11-09 12:59:47', '2021-11-09 12:59:47');
INSERT INTO `answer` VALUES (67, 7, 'B&C', 14, '2021-11-09 12:59:47', '2021-11-09 12:59:47');
INSERT INTO `answer` VALUES (68, 7, 'A', 14, '2021-11-10 05:36:50', '2021-11-10 05:36:50');
INSERT INTO `answer` VALUES (69, 15, '专项基金', 19, '2021-11-18 01:03:14', '2021-11-18 01:03:14');
INSERT INTO `answer` VALUES (70, 11, '其他', 14, '2021-11-18 02:34:21', '2021-11-18 02:34:21');
INSERT INTO `answer` VALUES (71, 10, '家族企业的传递交接', 14, '2021-11-18 02:44:17', '2021-11-18 02:44:17');
INSERT INTO `answer` VALUES (72, 10, '家庭资产的保值增值', 14, '2021-11-18 03:05:57', '2021-11-18 03:05:57');
INSERT INTO `answer` VALUES (73, 7, '需要', 14, '2021-11-18 03:05:57', '2021-11-18 03:05:57');
INSERT INTO `answer` VALUES (74, 10, '家族企业的传递交接', 14, '2021-11-18 03:06:37', '2021-11-18 03:06:37');
INSERT INTO `answer` VALUES (75, 7, '不需要', 14, '2021-11-18 03:06:37', '2021-11-18 03:06:37');
INSERT INTO `answer` VALUES (76, 9, '否', 14, '2021-11-18 12:56:05', '2021-11-18 12:56:05');
INSERT INTO `answer` VALUES (77, 10, '家族企业的传递交接', 14, '2021-11-18 12:56:05', '2021-11-18 12:56:05');
INSERT INTO `answer` VALUES (78, 7, '需要', 14, '2021-11-18 12:56:05', '2021-11-18 12:56:05');
INSERT INTO `answer` VALUES (79, 11, '赠与协议', 14, '2021-11-18 12:56:05', '2021-11-18 12:56:05');
INSERT INTO `answer` VALUES (80, 12, '是', 19, '2021-11-18 12:58:01', '2021-11-18 12:58:01');
INSERT INTO `answer` VALUES (81, 13, '家族企业的社会责任', 19, '2021-11-18 12:58:01', '2021-11-18 12:58:01');
INSERT INTO `answer` VALUES (82, 14, '就业支持', 19, '2021-11-18 12:58:01', '2021-11-18 12:58:01');
INSERT INTO `answer` VALUES (83, 15, '慈善信托', 19, '2021-11-18 12:58:01', '2021-11-18 12:58:01');
INSERT INTO `answer` VALUES (84, 12, '是', 19, '2021-11-18 12:58:11', '2021-11-18 12:58:11');
INSERT INTO `answer` VALUES (85, 13, '家族企业的社会责任', 19, '2021-11-18 12:58:11', '2021-11-18 12:58:11');
INSERT INTO `answer` VALUES (86, 14, '就业支持', 19, '2021-11-18 12:58:11', '2021-11-18 12:58:11');
INSERT INTO `answer` VALUES (87, 15, '慈善信托', 19, '2021-11-18 12:58:11', '2021-11-18 12:58:11');
INSERT INTO `answer` VALUES (88, 18, '21-50年', 15, '2021-11-19 06:56:05', '2021-11-19 06:56:05');
INSERT INTO `answer` VALUES (89, 19, '是', 15, '2021-11-19 06:56:05', '2021-11-19 06:56:05');
INSERT INTO `answer` VALUES (90, 20, '是', 15, '2021-11-19 06:56:05', '2021-11-19 06:56:05');
INSERT INTO `answer` VALUES (91, 21, '集合信托计划', 15, '2021-11-19 06:56:05', '2021-11-19 06:56:05');
INSERT INTO `answer` VALUES (92, 22, 'A、资产配置', 15, '2021-11-19 06:56:05', '2021-11-19 06:56:05');
INSERT INTO `answer` VALUES (93, 23, 'A、财富传承分配', 15, '2021-11-19 06:56:05', '2021-11-19 06:56:05');
INSERT INTO `answer` VALUES (94, 24, 'A、是', 15, '2021-11-19 06:56:05', '2021-11-19 06:56:05');
INSERT INTO `answer` VALUES (95, 25, 'B、上市股权', 15, '2021-11-19 06:56:05', '2021-11-19 06:56:05');
INSERT INTO `answer` VALUES (96, 26, 'B、否', 15, '2021-11-19 06:56:05', '2021-11-19 06:56:05');
INSERT INTO `answer` VALUES (97, 27, 'B、否', 15, '2021-11-19 06:56:05', '2021-11-19 06:56:05');
INSERT INTO `answer` VALUES (98, 18, '21-50年', 15, '2021-11-19 06:56:08', '2021-11-19 06:56:08');
INSERT INTO `answer` VALUES (99, 19, '是', 15, '2021-11-19 06:56:08', '2021-11-19 06:56:08');
INSERT INTO `answer` VALUES (100, 20, '是', 15, '2021-11-19 06:56:08', '2021-11-19 06:56:08');
INSERT INTO `answer` VALUES (101, 21, '集合信托计划', 15, '2021-11-19 06:56:08', '2021-11-19 06:56:08');
INSERT INTO `answer` VALUES (102, 22, 'A、资产配置', 15, '2021-11-19 06:56:08', '2021-11-19 06:56:08');
INSERT INTO `answer` VALUES (103, 23, 'A、财富传承分配', 15, '2021-11-19 06:56:08', '2021-11-19 06:56:08');
INSERT INTO `answer` VALUES (104, 24, 'A、是', 15, '2021-11-19 06:56:08', '2021-11-19 06:56:08');
INSERT INTO `answer` VALUES (105, 25, 'B、上市股权', 15, '2021-11-19 06:56:08', '2021-11-19 06:56:08');
INSERT INTO `answer` VALUES (106, 26, 'B、否', 15, '2021-11-19 06:56:08', '2021-11-19 06:56:08');
INSERT INTO `answer` VALUES (107, 27, 'B、否', 15, '2021-11-19 06:56:08', '2021-11-19 06:56:08');
INSERT INTO `answer` VALUES (108, 18, '21-50年', 15, '2021-11-19 07:11:10', '2021-11-19 07:11:10');
INSERT INTO `answer` VALUES (109, 19, '是', 15, '2021-11-19 07:11:10', '2021-11-19 07:11:10');
INSERT INTO `answer` VALUES (110, 20, '否', 15, '2021-11-19 07:11:10', '2021-11-19 07:11:10');
INSERT INTO `answer` VALUES (111, 21, '集合信托计划', 15, '2021-11-19 07:11:10', '2021-11-19 07:11:10');
INSERT INTO `answer` VALUES (112, 22, 'B、财产配置', 15, '2021-11-19 07:11:10', '2021-11-19 07:11:10');
INSERT INTO `answer` VALUES (113, 23, 'C、婚前财产保护', 15, '2021-11-19 07:11:10', '2021-11-19 07:11:10');
INSERT INTO `answer` VALUES (114, 24, 'A、是', 15, '2021-11-19 07:11:10', '2021-11-19 07:11:10');
INSERT INTO `answer` VALUES (115, 25, 'F、以上都不感兴趣', 15, '2021-11-19 07:11:10', '2021-11-19 07:11:10');
INSERT INTO `answer` VALUES (116, 26, 'A、是', 15, '2021-11-19 07:11:10', '2021-11-19 07:11:10');
INSERT INTO `answer` VALUES (117, 27, 'A、是', 15, '2021-11-19 07:11:10', '2021-11-19 07:11:10');
INSERT INTO `answer` VALUES (118, 18, '10-20年', 15, '2021-11-19 07:13:15', '2021-11-19 07:13:15');
INSERT INTO `answer` VALUES (119, 19, '否', 15, '2021-11-19 07:13:15', '2021-11-19 07:13:15');
INSERT INTO `answer` VALUES (120, 20, '是', 15, '2021-11-19 07:13:15', '2021-11-19 07:13:15');
INSERT INTO `answer` VALUES (121, 21, '理财产品', 15, '2021-11-19 07:13:15', '2021-11-19 07:13:15');
INSERT INTO `answer` VALUES (122, 22, 'C、风险隔离', 15, '2021-11-19 07:13:15', '2021-11-19 07:13:15');
INSERT INTO `answer` VALUES (123, 23, 'B、家企分离', 15, '2021-11-19 07:13:15', '2021-11-19 07:13:15');
INSERT INTO `answer` VALUES (124, 24, 'B、否', 15, '2021-11-19 07:13:15', '2021-11-19 07:13:15');
INSERT INTO `answer` VALUES (125, 25, 'B、上市股权', 15, '2021-11-19 07:13:15', '2021-11-19 07:13:15');
INSERT INTO `answer` VALUES (126, 26, 'A、是', 15, '2021-11-19 07:13:15', '2021-11-19 07:13:15');
INSERT INTO `answer` VALUES (127, 27, 'A、是', 15, '2021-11-19 07:13:15', '2021-11-19 07:13:15');
INSERT INTO `answer` VALUES (128, 18, '101年以上', 15, '2021-11-19 07:14:07', '2021-11-19 07:14:07');
INSERT INTO `answer` VALUES (129, 19, '是', 15, '2021-11-19 07:14:07', '2021-11-19 07:14:07');
INSERT INTO `answer` VALUES (130, 20, '否', 15, '2021-11-19 07:14:07', '2021-11-19 07:14:07');
INSERT INTO `answer` VALUES (131, 21, '和保险差不多', 15, '2021-11-19 07:14:07', '2021-11-19 07:14:07');
INSERT INTO `answer` VALUES (132, 22, 'B、财产配置', 15, '2021-11-19 07:14:07', '2021-11-19 07:14:07');
INSERT INTO `answer` VALUES (133, 23, 'B、家企分离', 15, '2021-11-19 07:14:07', '2021-11-19 07:14:07');
INSERT INTO `answer` VALUES (134, 24, 'A、是', 15, '2021-11-19 07:14:07', '2021-11-19 07:14:07');
INSERT INTO `answer` VALUES (135, 25, 'A、不动产', 15, '2021-11-19 07:14:07', '2021-11-19 07:14:07');
INSERT INTO `answer` VALUES (136, 26, 'A、是', 15, '2021-11-19 07:14:07', '2021-11-19 07:14:07');
INSERT INTO `answer` VALUES (137, 27, 'B、否', 15, '2021-11-19 07:14:07', '2021-11-19 07:14:07');
INSERT INTO `answer` VALUES (138, 18, '101年以上', 15, '2021-11-19 07:14:13', '2021-11-19 07:14:13');
INSERT INTO `answer` VALUES (139, 19, '是', 15, '2021-11-19 07:14:13', '2021-11-19 07:14:13');
INSERT INTO `answer` VALUES (140, 20, '否', 15, '2021-11-19 07:14:13', '2021-11-19 07:14:13');
INSERT INTO `answer` VALUES (141, 21, '和保险差不多', 15, '2021-11-19 07:14:13', '2021-11-19 07:14:13');
INSERT INTO `answer` VALUES (142, 22, 'B、财产配置', 15, '2021-11-19 07:14:13', '2021-11-19 07:14:13');
INSERT INTO `answer` VALUES (143, 23, 'B、家企分离', 15, '2021-11-19 07:14:13', '2021-11-19 07:14:13');
INSERT INTO `answer` VALUES (144, 24, 'A、是', 15, '2021-11-19 07:14:13', '2021-11-19 07:14:13');
INSERT INTO `answer` VALUES (145, 25, 'A、不动产', 15, '2021-11-19 07:14:13', '2021-11-19 07:14:13');
INSERT INTO `answer` VALUES (146, 26, 'A、是', 15, '2021-11-19 07:14:13', '2021-11-19 07:14:13');
INSERT INTO `answer` VALUES (147, 27, 'B、否', 15, '2021-11-19 07:14:13', '2021-11-19 07:14:13');
INSERT INTO `answer` VALUES (148, 18, '101年以上', 15, '2021-11-19 07:14:29', '2021-11-19 07:14:29');
INSERT INTO `answer` VALUES (149, 19, '是', 15, '2021-11-19 07:14:29', '2021-11-19 07:14:29');
INSERT INTO `answer` VALUES (150, 20, '否', 15, '2021-11-19 07:14:29', '2021-11-19 07:14:29');
INSERT INTO `answer` VALUES (151, 21, '和保险差不多', 15, '2021-11-19 07:14:29', '2021-11-19 07:14:29');
INSERT INTO `answer` VALUES (152, 22, 'B、财产配置', 15, '2021-11-19 07:14:29', '2021-11-19 07:14:29');
INSERT INTO `answer` VALUES (153, 23, 'B、家企分离', 15, '2021-11-19 07:14:29', '2021-11-19 07:14:29');
INSERT INTO `answer` VALUES (154, 24, 'A、是', 15, '2021-11-19 07:14:29', '2021-11-19 07:14:29');
INSERT INTO `answer` VALUES (155, 25, 'A、不动产', 15, '2021-11-19 07:14:29', '2021-11-19 07:14:29');
INSERT INTO `answer` VALUES (156, 26, 'A、是', 15, '2021-11-19 07:14:29', '2021-11-19 07:14:29');
INSERT INTO `answer` VALUES (157, 27, 'B、否', 15, '2021-11-19 07:14:29', '2021-11-19 07:14:29');
INSERT INTO `answer` VALUES (158, 18, '101年以上', 15, '2021-11-19 07:14:55', '2021-11-19 07:14:55');
INSERT INTO `answer` VALUES (159, 19, '是', 15, '2021-11-19 07:14:55', '2021-11-19 07:14:55');
INSERT INTO `answer` VALUES (160, 20, '否', 15, '2021-11-19 07:14:55', '2021-11-19 07:14:55');
INSERT INTO `answer` VALUES (161, 21, '定制化解决方案', 15, '2021-11-19 07:14:55', '2021-11-19 07:14:55');
INSERT INTO `answer` VALUES (162, 22, 'A、资产配置', 15, '2021-11-19 07:14:55', '2021-11-19 07:14:55');
INSERT INTO `answer` VALUES (163, 23, 'A、财富传承分配', 15, '2021-11-19 07:14:55', '2021-11-19 07:14:55');
INSERT INTO `answer` VALUES (164, 24, 'A、是', 15, '2021-11-19 07:14:55', '2021-11-19 07:14:55');
INSERT INTO `answer` VALUES (165, 25, 'B、上市股权', 15, '2021-11-19 07:14:55', '2021-11-19 07:14:55');
INSERT INTO `answer` VALUES (166, 26, 'B、否', 15, '2021-11-19 07:14:55', '2021-11-19 07:14:55');
INSERT INTO `answer` VALUES (167, 27, 'B、否', 15, '2021-11-19 07:14:55', '2021-11-19 07:14:55');
INSERT INTO `answer` VALUES (168, 18, '21-50年', 15, '2021-11-19 07:15:55', '2021-11-19 07:15:55');
INSERT INTO `answer` VALUES (169, 19, '是', 15, '2021-11-19 07:15:55', '2021-11-19 07:15:55');
INSERT INTO `answer` VALUES (170, 20, '否', 15, '2021-11-19 07:15:55', '2021-11-19 07:15:55');
INSERT INTO `answer` VALUES (171, 21, '理财产品', 15, '2021-11-19 07:15:55', '2021-11-19 07:15:55');
INSERT INTO `answer` VALUES (172, 22, 'A、资产配置', 15, '2021-11-19 07:15:55', '2021-11-19 07:15:55');
INSERT INTO `answer` VALUES (173, 23, 'B、家企分离', 15, '2021-11-19 07:15:55', '2021-11-19 07:15:55');
INSERT INTO `answer` VALUES (174, 24, 'A、是', 15, '2021-11-19 07:15:55', '2021-11-19 07:15:55');
INSERT INTO `answer` VALUES (175, 25, 'D、其他贵重物品', 15, '2021-11-19 07:15:55', '2021-11-19 07:15:55');
INSERT INTO `answer` VALUES (176, 26, 'B、否', 15, '2021-11-19 07:15:55', '2021-11-19 07:15:55');
INSERT INTO `answer` VALUES (177, 27, 'A、是', 15, '2021-11-19 07:15:55', '2021-11-19 07:15:55');
INSERT INTO `answer` VALUES (178, 18, '21-50年', 15, '2021-11-19 07:16:42', '2021-11-19 07:16:42');
INSERT INTO `answer` VALUES (179, 19, '是', 15, '2021-11-19 07:16:42', '2021-11-19 07:16:42');
INSERT INTO `answer` VALUES (180, 20, '是', 15, '2021-11-19 07:16:42', '2021-11-19 07:16:42');
INSERT INTO `answer` VALUES (181, 21, '和保险差不多', 15, '2021-11-19 07:16:42', '2021-11-19 07:16:42');
INSERT INTO `answer` VALUES (182, 22, 'D、公益（慈善）', 15, '2021-11-19 07:16:42', '2021-11-19 07:16:42');
INSERT INTO `answer` VALUES (183, 23, 'B、家企分离', 15, '2021-11-19 07:16:42', '2021-11-19 07:16:42');
INSERT INTO `answer` VALUES (184, 24, 'B、否', 15, '2021-11-19 07:16:42', '2021-11-19 07:16:42');
INSERT INTO `answer` VALUES (185, 25, 'F、以上都不感兴趣', 15, '2021-11-19 07:16:42', '2021-11-19 07:16:42');
INSERT INTO `answer` VALUES (186, 26, 'B、否', 15, '2021-11-19 07:16:42', '2021-11-19 07:16:42');
INSERT INTO `answer` VALUES (187, 27, 'B、否', 15, '2021-11-19 07:16:42', '2021-11-19 07:16:42');
INSERT INTO `answer` VALUES (188, 18, '101年以上', 15, '2021-11-19 07:28:25', '2021-11-19 07:28:25');
INSERT INTO `answer` VALUES (189, 19, '否', 15, '2021-11-19 07:28:25', '2021-11-19 07:28:25');
INSERT INTO `answer` VALUES (190, 20, '否', 15, '2021-11-19 07:28:25', '2021-11-19 07:28:25');
INSERT INTO `answer` VALUES (191, 21, '集合信托计划', 15, '2021-11-19 07:28:25', '2021-11-19 07:28:25');
INSERT INTO `answer` VALUES (192, 22, 'B、财产配置', 15, '2021-11-19 07:28:25', '2021-11-19 07:28:25');
INSERT INTO `answer` VALUES (193, 23, 'B、家企分离', 15, '2021-11-19 07:28:25', '2021-11-19 07:28:25');
INSERT INTO `answer` VALUES (194, 24, 'B、否', 15, '2021-11-19 07:28:25', '2021-11-19 07:28:25');
INSERT INTO `answer` VALUES (195, 25, 'F、以上都不感兴趣', 15, '2021-11-19 07:28:25', '2021-11-19 07:28:25');
INSERT INTO `answer` VALUES (196, 26, 'B、否', 15, '2021-11-19 07:28:25', '2021-11-19 07:28:25');
INSERT INTO `answer` VALUES (197, 27, 'A、是', 15, '2021-11-19 07:28:25', '2021-11-19 07:28:25');
INSERT INTO `answer` VALUES (198, 18, '10-20年', 15, '2021-11-20 04:12:15', '2021-11-20 04:12:15');
INSERT INTO `answer` VALUES (199, 19, '是', 15, '2021-11-20 04:12:15', '2021-11-20 04:12:15');
INSERT INTO `answer` VALUES (200, 20, '是', 15, '2021-11-20 04:12:15', '2021-11-20 04:12:15');
INSERT INTO `answer` VALUES (201, 21, '集合信托计划', 15, '2021-11-20 04:12:15', '2021-11-20 04:12:15');
INSERT INTO `answer` VALUES (202, 22, 'C、风险隔离', 15, '2021-11-20 04:12:15', '2021-11-20 04:12:15');
INSERT INTO `answer` VALUES (203, 23, 'A、财富传承分配', 15, '2021-11-20 04:12:15', '2021-11-20 04:12:15');
INSERT INTO `answer` VALUES (204, 24, 'A、是', 15, '2021-11-20 04:12:15', '2021-11-20 04:12:15');
INSERT INTO `answer` VALUES (205, 25, 'A、不动产', 15, '2021-11-20 04:12:15', '2021-11-20 04:12:15');
INSERT INTO `answer` VALUES (206, 26, 'A、是', 15, '2021-11-20 04:12:15', '2021-11-20 04:12:15');
INSERT INTO `answer` VALUES (207, 27, 'A、是', 15, '2021-11-20 04:12:15', '2021-11-20 04:12:15');
INSERT INTO `answer` VALUES (208, 18, '51-100年', 15, '2021-11-24 07:01:43', '2021-11-24 07:01:43');
INSERT INTO `answer` VALUES (209, 19, '否', 15, '2021-11-24 07:01:43', '2021-11-24 07:01:43');
INSERT INTO `answer` VALUES (210, 20, '否', 15, '2021-11-24 07:01:43', '2021-11-24 07:01:43');
INSERT INTO `answer` VALUES (211, 21, '定制化解决方案', 15, '2021-11-24 07:01:43', '2021-11-24 07:01:43');
INSERT INTO `answer` VALUES (212, 22, 'A、资产配置', 15, '2021-11-24 07:01:43', '2021-11-24 07:01:43');
INSERT INTO `answer` VALUES (213, 23, 'A、财富传承分配', 15, '2021-11-24 07:01:43', '2021-11-24 07:01:43');
INSERT INTO `answer` VALUES (214, 24, 'B、否', 15, '2021-11-24 07:01:43', '2021-11-24 07:01:43');
INSERT INTO `answer` VALUES (215, 25, 'B、上市股权', 15, '2021-11-24 07:01:43', '2021-11-24 07:01:43');
INSERT INTO `answer` VALUES (216, 26, 'A、是', 15, '2021-11-24 07:01:43', '2021-11-24 07:01:43');
INSERT INTO `answer` VALUES (217, 27, 'B、否', 15, '2021-11-24 07:01:43', '2021-11-24 07:01:43');
INSERT INTO `answer` VALUES (218, 18, '51-100年', 15, '2021-11-26 08:13:03', '2021-11-26 08:13:03');
INSERT INTO `answer` VALUES (219, 19, '否', 15, '2021-11-26 08:13:03', '2021-11-26 08:13:03');
INSERT INTO `answer` VALUES (220, 20, '否', 15, '2021-11-26 08:13:03', '2021-11-26 08:13:03');
INSERT INTO `answer` VALUES (221, 21, '集合信托计划', 15, '2021-11-26 08:13:03', '2021-11-26 08:13:03');
INSERT INTO `answer` VALUES (222, 22, 'C、风险隔离', 15, '2021-11-26 08:13:03', '2021-11-26 08:13:03');
INSERT INTO `answer` VALUES (223, 23, 'D、财富保值增值', 15, '2021-11-26 08:13:03', '2021-11-26 08:13:03');
INSERT INTO `answer` VALUES (224, 24, 'A、是', 15, '2021-11-26 08:13:03', '2021-11-26 08:13:03');
INSERT INTO `answer` VALUES (225, 25, 'B、上市股权', 15, '2021-11-26 08:13:03', '2021-11-26 08:13:03');
INSERT INTO `answer` VALUES (226, 26, 'A、是', 15, '2021-11-26 08:13:03', '2021-11-26 08:13:03');
INSERT INTO `answer` VALUES (227, 27, 'A、是', 15, '2021-11-26 08:13:03', '2021-11-26 08:13:03');
INSERT INTO `answer` VALUES (228, 18, '51-100年', 15, '2021-11-26 09:12:31', '2021-11-26 09:12:31');
INSERT INTO `answer` VALUES (229, 19, '否', 15, '2021-11-26 09:12:31', '2021-11-26 09:12:31');
INSERT INTO `answer` VALUES (230, 20, '是', 15, '2021-11-26 09:12:31', '2021-11-26 09:12:31');
INSERT INTO `answer` VALUES (231, 21, '集合信托计划', 15, '2021-11-26 09:12:31', '2021-11-26 09:12:31');
INSERT INTO `answer` VALUES (232, 22, 'D、公益（慈善）', 15, '2021-11-26 09:12:31', '2021-11-26 09:12:31');
INSERT INTO `answer` VALUES (233, 23, 'D、财富保值增值', 15, '2021-11-26 09:12:31', '2021-11-26 09:12:31');
INSERT INTO `answer` VALUES (234, 24, 'A、是', 15, '2021-11-26 09:12:31', '2021-11-26 09:12:31');
INSERT INTO `answer` VALUES (235, 25, 'E、以上都感兴趣', 15, '2021-11-26 09:12:31', '2021-11-26 09:12:31');
INSERT INTO `answer` VALUES (236, 26, 'B、否', 15, '2021-11-26 09:12:31', '2021-11-26 09:12:31');
INSERT INTO `answer` VALUES (237, 27, 'A、是', 15, '2021-11-26 09:12:31', '2021-11-26 09:12:31');
INSERT INTO `answer` VALUES (238, 9, 'B、否', 14, '2021-11-28 06:56:16', '2021-11-28 06:56:16');
INSERT INTO `answer` VALUES (239, 10, 'D、税务筹划', 14, '2021-11-28 06:56:16', '2021-11-28 06:56:16');
INSERT INTO `answer` VALUES (240, 7, 'D、提升生活品质', 14, '2021-11-28 06:56:16', '2021-11-28 06:56:16');
INSERT INTO `answer` VALUES (241, 11, 'B、否', 14, '2021-11-28 06:56:16', '2021-11-28 06:56:16');
INSERT INTO `answer` VALUES (242, 16, 'A、自己', 14, '2021-11-28 06:56:16', '2021-11-28 06:56:16');
INSERT INTO `answer` VALUES (243, 17, 'A、会', 14, '2021-11-28 06:56:16', '2021-11-28 06:56:16');
INSERT INTO `answer` VALUES (244, 9, 'B、否', 14, '2021-11-28 06:56:16', '2021-11-28 06:56:16');
INSERT INTO `answer` VALUES (245, 10, 'D、税务筹划', 14, '2021-11-28 06:56:16', '2021-11-28 06:56:16');
INSERT INTO `answer` VALUES (246, 7, 'D、提升生活品质', 14, '2021-11-28 06:56:16', '2021-11-28 06:56:16');
INSERT INTO `answer` VALUES (247, 11, 'B、否', 14, '2021-11-28 06:56:16', '2021-11-28 06:56:16');
INSERT INTO `answer` VALUES (248, 16, 'A、自己', 14, '2021-11-28 06:56:16', '2021-11-28 06:56:16');
INSERT INTO `answer` VALUES (249, 17, 'A、会', 14, '2021-11-28 06:56:16', '2021-11-28 06:56:16');
INSERT INTO `answer` VALUES (250, 38, 'A、是', 18, '2021-11-29 10:45:28', '2021-11-29 10:45:28');
INSERT INTO `answer` VALUES (251, 39, 'A、家族企业的传递交接', 18, '2021-11-29 10:45:28', '2021-11-29 10:45:28');
INSERT INTO `answer` VALUES (252, 40, 'A、需要', 18, '2021-11-29 10:45:28', '2021-11-29 10:45:28');
INSERT INTO `answer` VALUES (253, 41, 'A、遗嘱', 18, '2021-11-29 10:45:28', '2021-11-29 10:45:28');
INSERT INTO `answer` VALUES (254, 38, 'A、是', 18, '2021-11-29 10:45:28', '2021-11-29 10:45:28');
INSERT INTO `answer` VALUES (255, 39, 'A、家族企业的传递交接', 18, '2021-11-29 10:45:28', '2021-11-29 10:45:28');
INSERT INTO `answer` VALUES (256, 40, 'A、需要', 18, '2021-11-29 10:45:28', '2021-11-29 10:45:28');
INSERT INTO `answer` VALUES (257, 41, 'A、遗嘱', 18, '2021-11-29 10:45:28', '2021-11-29 10:45:28');
INSERT INTO `answer` VALUES (258, 38, 'A、是', 18, '2021-11-29 10:45:28', '2021-11-29 10:45:28');
INSERT INTO `answer` VALUES (259, 39, 'A、家族企业的传递交接', 18, '2021-11-29 10:45:28', '2021-11-29 10:45:28');
INSERT INTO `answer` VALUES (260, 40, 'A、需要', 18, '2021-11-29 10:45:28', '2021-11-29 10:45:28');
INSERT INTO `answer` VALUES (261, 41, 'A、遗嘱', 18, '2021-11-29 10:45:28', '2021-11-29 10:45:28');
INSERT INTO `answer` VALUES (262, 38, 'A、是', 18, '2021-11-29 10:45:28', '2021-11-29 10:45:28');
INSERT INTO `answer` VALUES (263, 39, 'A、家族企业的传递交接', 18, '2021-11-29 10:45:28', '2021-11-29 10:45:28');
INSERT INTO `answer` VALUES (264, 40, 'A、需要', 18, '2021-11-29 10:45:28', '2021-11-29 10:45:28');
INSERT INTO `answer` VALUES (265, 41, 'A、遗嘱', 18, '2021-11-29 10:45:28', '2021-11-29 10:45:28');
INSERT INTO `answer` VALUES (266, 38, 'A、是', 18, '2021-11-29 10:45:28', '2021-11-29 10:45:28');
INSERT INTO `answer` VALUES (267, 39, 'A、家族企业的传递交接', 18, '2021-11-29 10:45:28', '2021-11-29 10:45:28');
INSERT INTO `answer` VALUES (268, 40, 'A、需要', 18, '2021-11-29 10:45:28', '2021-11-29 10:45:28');
INSERT INTO `answer` VALUES (269, 41, 'A、遗嘱', 18, '2021-11-29 10:45:28', '2021-11-29 10:45:28');
INSERT INTO `answer` VALUES (270, 38, 'A、是', 18, '2021-11-29 10:45:28', '2021-11-29 10:45:28');
INSERT INTO `answer` VALUES (271, 39, 'A、家族企业的传递交接', 18, '2021-11-29 10:45:28', '2021-11-29 10:45:28');
INSERT INTO `answer` VALUES (272, 40, 'A、需要', 18, '2021-11-29 10:45:28', '2021-11-29 10:45:28');
INSERT INTO `answer` VALUES (273, 41, 'A、遗嘱', 18, '2021-11-29 10:45:28', '2021-11-29 10:45:28');
INSERT INTO `answer` VALUES (274, 28, 'A、鸡蛋不能放在一个篮子里', 17, '2021-12-01 05:58:53', '2021-12-01 05:58:53');
INSERT INTO `answer` VALUES (275, 29, 'D、投资者分为不特定社会公众和合格投资者两大类', 17, '2021-12-01 05:58:53', '2021-12-01 05:58:53');
INSERT INTO `answer` VALUES (276, 30, 'B、股票', 17, '2021-12-01 05:58:53', '2021-12-01 05:58:53');
INSERT INTO `answer` VALUES (277, 31, 'E、保险保障类产品', 17, '2021-12-01 05:58:53', '2021-12-01 05:58:53');
INSERT INTO `answer` VALUES (278, 32, 'C、通过多元布局，获取最大化收益', 17, '2021-12-01 05:58:53', '2021-12-01 05:58:53');
INSERT INTO `answer` VALUES (279, 33, 'C、根据宏观基本面确定', 17, '2021-12-01 05:58:53', '2021-12-01 05:58:53');
INSERT INTO `answer` VALUES (280, 34, 'B、不是', 17, '2021-12-01 05:58:53', '2021-12-01 05:58:53');
INSERT INTO `answer` VALUES (281, 35, 'A、市场预测', 17, '2021-12-01 05:58:53', '2021-12-01 05:58:53');
INSERT INTO `answer` VALUES (282, 36, 'B、每季', 17, '2021-12-01 05:58:53', '2021-12-01 05:58:53');
INSERT INTO `answer` VALUES (283, 37, 'A、能够执行', 17, '2021-12-01 05:58:53', '2021-12-01 05:58:53');
INSERT INTO `answer` VALUES (284, 28, 'A、鸡蛋不能放在一个篮子里', 17, '2021-12-01 05:58:57', '2021-12-01 05:58:57');
INSERT INTO `answer` VALUES (285, 29, 'D、投资者分为不特定社会公众和合格投资者两大类', 17, '2021-12-01 05:58:57', '2021-12-01 05:58:57');
INSERT INTO `answer` VALUES (286, 30, 'B、股票', 17, '2021-12-01 05:58:57', '2021-12-01 05:58:57');
INSERT INTO `answer` VALUES (287, 31, 'E、保险保障类产品', 17, '2021-12-01 05:58:57', '2021-12-01 05:58:57');
INSERT INTO `answer` VALUES (288, 32, 'C、通过多元布局，获取最大化收益', 17, '2021-12-01 05:58:57', '2021-12-01 05:58:57');
INSERT INTO `answer` VALUES (289, 33, 'C、根据宏观基本面确定', 17, '2021-12-01 05:58:57', '2021-12-01 05:58:57');
INSERT INTO `answer` VALUES (290, 34, 'B、不是', 17, '2021-12-01 05:58:57', '2021-12-01 05:58:57');
INSERT INTO `answer` VALUES (291, 35, 'A、市场预测', 17, '2021-12-01 05:58:57', '2021-12-01 05:58:57');
INSERT INTO `answer` VALUES (292, 36, 'B、每季', 17, '2021-12-01 05:58:57', '2021-12-01 05:58:57');
INSERT INTO `answer` VALUES (293, 37, 'A、能够执行', 17, '2021-12-01 05:58:57', '2021-12-01 05:58:57');
INSERT INTO `answer` VALUES (294, 12, 'A、是', 19, '2021-12-01 06:08:44', '2021-12-01 06:08:44');
INSERT INTO `answer` VALUES (295, 13, 'A、对社会现象各弱势群体的关注', 19, '2021-12-01 06:08:44', '2021-12-01 06:08:44');
INSERT INTO `answer` VALUES (296, 14, 'B、就业支持', 19, '2021-12-01 06:08:44', '2021-12-01 06:08:44');
INSERT INTO `answer` VALUES (297, 15, 'D、专项基金', 19, '2021-12-01 06:08:44', '2021-12-01 06:08:44');
INSERT INTO `answer` VALUES (298, 18, '10-20年', 15, '2021-12-01 11:02:38', '2021-12-01 11:02:38');
INSERT INTO `answer` VALUES (299, 19, '是', 15, '2021-12-01 11:02:38', '2021-12-01 11:02:38');
INSERT INTO `answer` VALUES (300, 20, '是', 15, '2021-12-01 11:02:38', '2021-12-01 11:02:38');
INSERT INTO `answer` VALUES (301, 21, '定制化解决方案', 15, '2021-12-01 11:02:38', '2021-12-01 11:02:38');
INSERT INTO `answer` VALUES (302, 22, 'B、财产配置', 15, '2021-12-01 11:02:38', '2021-12-01 11:02:38');
INSERT INTO `answer` VALUES (303, 23, 'C、婚前财产保护', 15, '2021-12-01 11:02:38', '2021-12-01 11:02:38');
INSERT INTO `answer` VALUES (304, 24, 'B、否', 15, '2021-12-01 11:02:38', '2021-12-01 11:02:38');
INSERT INTO `answer` VALUES (305, 25, 'B、上市股权', 15, '2021-12-01 11:02:38', '2021-12-01 11:02:38');
INSERT INTO `answer` VALUES (306, 26, 'A、是', 15, '2021-12-01 11:02:38', '2021-12-01 11:02:38');
INSERT INTO `answer` VALUES (307, 27, 'B、否', 15, '2021-12-01 11:02:38', '2021-12-01 11:02:38');
INSERT INTO `answer` VALUES (308, 18, '21-50年', 15, '2021-12-01 11:03:13', '2021-12-01 11:03:13');
INSERT INTO `answer` VALUES (309, 19, '否', 15, '2021-12-01 11:03:13', '2021-12-01 11:03:13');
INSERT INTO `answer` VALUES (310, 20, '是', 15, '2021-12-01 11:03:13', '2021-12-01 11:03:13');
INSERT INTO `answer` VALUES (311, 21, '集合信托计划', 15, '2021-12-01 11:03:13', '2021-12-01 11:03:13');
INSERT INTO `answer` VALUES (312, 22, 'A、资产配置', 15, '2021-12-01 11:03:13', '2021-12-01 11:03:13');
INSERT INTO `answer` VALUES (313, 23, 'B、家企分离', 15, '2021-12-01 11:03:13', '2021-12-01 11:03:13');
INSERT INTO `answer` VALUES (314, 24, 'B、否', 15, '2021-12-01 11:03:13', '2021-12-01 11:03:13');
INSERT INTO `answer` VALUES (315, 25, 'D、其他贵重物品', 15, '2021-12-01 11:03:13', '2021-12-01 11:03:13');
INSERT INTO `answer` VALUES (316, 26, 'B、否', 15, '2021-12-01 11:03:13', '2021-12-01 11:03:13');
INSERT INTO `answer` VALUES (317, 27, 'B、否', 15, '2021-12-01 11:03:13', '2021-12-01 11:03:13');
INSERT INTO `answer` VALUES (318, 28, 'D、根据投资者风险水平下的大类资产配置', 17, '2021-12-01 12:45:32', '2021-12-01 12:45:32');
INSERT INTO `answer` VALUES (319, 29, 'C、分为固定收益类、权益类、商品金融衍生品类、混合类', 17, '2021-12-01 12:45:32', '2021-12-01 12:45:32');
INSERT INTO `answer` VALUES (320, 30, 'C、偏股公募基金', 17, '2021-12-01 12:45:32', '2021-12-01 12:45:32');
INSERT INTO `answer` VALUES (321, 31, 'D、股权投资', 17, '2021-12-01 12:45:32', '2021-12-01 12:45:32');
INSERT INTO `answer` VALUES (322, 32, 'B、通过参与风险投资，获取财富的快速增长', 17, '2021-12-01 12:45:32', '2021-12-01 12:45:32');
INSERT INTO `answer` VALUES (323, 33, 'D、	预测资产未来走势确定', 17, '2021-12-01 12:45:32', '2021-12-01 12:45:32');
INSERT INTO `answer` VALUES (324, 34, 'C、不确定', 17, '2021-12-01 12:45:32', '2021-12-01 12:45:32');
INSERT INTO `answer` VALUES (325, 35, 'C、日常资产配置跟踪服务', 17, '2021-12-01 12:45:32', '2021-12-01 12:45:32');
INSERT INTO `answer` VALUES (326, 36, 'B、每季', 17, '2021-12-01 12:45:32', '2021-12-01 12:45:32');
INSERT INTO `answer` VALUES (327, 37, 'B、仅作为参考', 17, '2021-12-01 12:45:32', '2021-12-01 12:45:32');
INSERT INTO `answer` VALUES (328, 28, 'D、根据投资者风险水平下的大类资产配置', 17, '2021-12-01 12:45:33', '2021-12-01 12:45:33');
INSERT INTO `answer` VALUES (329, 29, 'C、分为固定收益类、权益类、商品金融衍生品类、混合类', 17, '2021-12-01 12:45:33', '2021-12-01 12:45:33');
INSERT INTO `answer` VALUES (330, 30, 'C、偏股公募基金', 17, '2021-12-01 12:45:33', '2021-12-01 12:45:33');
INSERT INTO `answer` VALUES (331, 31, 'D、股权投资', 17, '2021-12-01 12:45:33', '2021-12-01 12:45:33');
INSERT INTO `answer` VALUES (332, 32, 'B、通过参与风险投资，获取财富的快速增长', 17, '2021-12-01 12:45:33', '2021-12-01 12:45:33');
INSERT INTO `answer` VALUES (333, 33, 'D、	预测资产未来走势确定', 17, '2021-12-01 12:45:33', '2021-12-01 12:45:33');
INSERT INTO `answer` VALUES (334, 34, 'C、不确定', 17, '2021-12-01 12:45:33', '2021-12-01 12:45:33');
INSERT INTO `answer` VALUES (335, 35, 'C、日常资产配置跟踪服务', 17, '2021-12-01 12:45:33', '2021-12-01 12:45:33');
INSERT INTO `answer` VALUES (336, 36, 'B、每季', 17, '2021-12-01 12:45:33', '2021-12-01 12:45:33');
INSERT INTO `answer` VALUES (337, 37, 'B、仅作为参考', 17, '2021-12-01 12:45:33', '2021-12-01 12:45:33');
INSERT INTO `answer` VALUES (338, 38, 'A、是', 18, '2021-12-02 12:39:36', '2021-12-02 12:39:36');
INSERT INTO `answer` VALUES (339, 39, 'B、家庭资产的保值增值', 18, '2021-12-02 12:39:36', '2021-12-02 12:39:36');
INSERT INTO `answer` VALUES (340, 40, 'B、不需要', 18, '2021-12-02 12:39:36', '2021-12-02 12:39:36');
INSERT INTO `answer` VALUES (341, 41, 'C、家族信托', 18, '2021-12-02 12:39:36', '2021-12-02 12:39:36');
INSERT INTO `answer` VALUES (342, 18, '101年以上', 15, '2021-12-03 03:57:18', '2021-12-03 03:57:18');
INSERT INTO `answer` VALUES (343, 19, '否', 15, '2021-12-03 03:57:18', '2021-12-03 03:57:18');
INSERT INTO `answer` VALUES (344, 20, '否', 15, '2021-12-03 03:57:18', '2021-12-03 03:57:18');
INSERT INTO `answer` VALUES (345, 21, '定制化解决方案', 15, '2021-12-03 03:57:18', '2021-12-03 03:57:18');
INSERT INTO `answer` VALUES (346, 22, 'B、财产配置', 15, '2021-12-03 03:57:18', '2021-12-03 03:57:18');
INSERT INTO `answer` VALUES (347, 23, 'C、婚前财产保护', 15, '2021-12-03 03:57:18', '2021-12-03 03:57:18');
INSERT INTO `answer` VALUES (348, 24, 'B、否', 15, '2021-12-03 03:57:18', '2021-12-03 03:57:18');
INSERT INTO `answer` VALUES (349, 25, 'B、上市股权', 15, '2021-12-03 03:57:18', '2021-12-03 03:57:18');
INSERT INTO `answer` VALUES (350, 26, 'B、否', 15, '2021-12-03 03:57:18', '2021-12-03 03:57:18');
INSERT INTO `answer` VALUES (351, 27, 'A、是', 15, '2021-12-03 03:57:18', '2021-12-03 03:57:18');
INSERT INTO `answer` VALUES (352, 28, 'A、鸡蛋不能放在一个篮子里', 17, '2021-12-16 08:30:06', '2021-12-16 08:30:06');
INSERT INTO `answer` VALUES (353, 29, 'A、打破刚兑，风险与收益对等', 17, '2021-12-16 08:30:06', '2021-12-16 08:30:06');
INSERT INTO `answer` VALUES (354, 30, 'A、货币基金', 17, '2021-12-16 08:30:06', '2021-12-16 08:30:06');
INSERT INTO `answer` VALUES (355, 31, 'A、存款、国债', 17, '2021-12-16 08:30:06', '2021-12-16 08:30:06');
INSERT INTO `answer` VALUES (356, 32, 'B、通过参与风险投资，获取财富的快速增长', 17, '2021-12-16 08:30:06', '2021-12-16 08:30:06');
INSERT INTO `answer` VALUES (357, 33, 'A、按照自我想法确定', 17, '2021-12-16 08:30:06', '2021-12-16 08:30:06');
INSERT INTO `answer` VALUES (358, 34, 'A、是', 17, '2021-12-16 08:30:06', '2021-12-16 08:30:06');
INSERT INTO `answer` VALUES (359, 35, 'A、市场预测', 17, '2021-12-16 08:30:06', '2021-12-16 08:30:06');
INSERT INTO `answer` VALUES (360, 36, 'A、每月', 17, '2021-12-16 08:30:06', '2021-12-16 08:30:06');
INSERT INTO `answer` VALUES (361, 37, 'B、仅作为参考', 17, '2021-12-16 08:30:06', '2021-12-16 08:30:06');
INSERT INTO `answer` VALUES (362, 28, 'A、鸡蛋不能放在一个篮子里', 17, '2021-12-16 08:30:07', '2021-12-16 08:30:07');
INSERT INTO `answer` VALUES (363, 29, 'A、打破刚兑，风险与收益对等', 17, '2021-12-16 08:30:07', '2021-12-16 08:30:07');
INSERT INTO `answer` VALUES (364, 30, 'A、货币基金', 17, '2021-12-16 08:30:07', '2021-12-16 08:30:07');
INSERT INTO `answer` VALUES (365, 31, 'A、存款、国债', 17, '2021-12-16 08:30:07', '2021-12-16 08:30:07');
INSERT INTO `answer` VALUES (366, 32, 'B、通过参与风险投资，获取财富的快速增长', 17, '2021-12-16 08:30:07', '2021-12-16 08:30:07');
INSERT INTO `answer` VALUES (367, 33, 'A、按照自我想法确定', 17, '2021-12-16 08:30:07', '2021-12-16 08:30:07');
INSERT INTO `answer` VALUES (368, 34, 'A、是', 17, '2021-12-16 08:30:07', '2021-12-16 08:30:07');
INSERT INTO `answer` VALUES (369, 35, 'A、市场预测', 17, '2021-12-16 08:30:07', '2021-12-16 08:30:07');
INSERT INTO `answer` VALUES (370, 36, 'A、每月', 17, '2021-12-16 08:30:07', '2021-12-16 08:30:07');
INSERT INTO `answer` VALUES (371, 37, 'B、仅作为参考', 17, '2021-12-16 08:30:07', '2021-12-16 08:30:07');
INSERT INTO `answer` VALUES (372, 28, 'A、鸡蛋不能放在一个篮子里', 17, '2021-12-16 11:03:19', '2021-12-16 11:03:19');
INSERT INTO `answer` VALUES (373, 29, 'A、打破刚兑，风险与收益对等', 17, '2021-12-16 11:03:19', '2021-12-16 11:03:19');
INSERT INTO `answer` VALUES (374, 30, 'A、货币基金', 17, '2021-12-16 11:03:19', '2021-12-16 11:03:19');
INSERT INTO `answer` VALUES (375, 31, 'A、存款、国债', 17, '2021-12-16 11:03:19', '2021-12-16 11:03:19');
INSERT INTO `answer` VALUES (376, 32, 'A、未来不确定，分散风险，实现资产的保值增值', 17, '2021-12-16 11:03:19', '2021-12-16 11:03:19');
INSERT INTO `answer` VALUES (377, 33, 'A、按照自我想法确定', 17, '2021-12-16 11:03:19', '2021-12-16 11:03:19');
INSERT INTO `answer` VALUES (378, 34, 'A、是', 17, '2021-12-16 11:03:19', '2021-12-16 11:03:19');
INSERT INTO `answer` VALUES (379, 35, 'A、市场预测', 17, '2021-12-16 11:03:19', '2021-12-16 11:03:19');
INSERT INTO `answer` VALUES (380, 36, 'A、每月', 17, '2021-12-16 11:03:19', '2021-12-16 11:03:19');
INSERT INTO `answer` VALUES (381, 37, 'A、能够执行', 17, '2021-12-16 11:03:19', '2021-12-16 11:03:19');
INSERT INTO `answer` VALUES (382, 9, 'B、否', 14, '2021-12-17 02:57:29', '2021-12-17 02:57:29');
INSERT INTO `answer` VALUES (383, 10, 'D、税务筹划', 14, '2021-12-17 02:57:29', '2021-12-17 02:57:29');
INSERT INTO `answer` VALUES (384, 7, 'C、税务筹划', 14, '2021-12-17 02:57:29', '2021-12-17 02:57:29');
INSERT INTO `answer` VALUES (385, 11, 'B、否', 14, '2021-12-17 02:57:29', '2021-12-17 02:57:29');
INSERT INTO `answer` VALUES (386, 16, 'C、孩子', 14, '2021-12-17 02:57:29', '2021-12-17 02:57:29');
INSERT INTO `answer` VALUES (387, 17, 'B、不会', 14, '2021-12-17 02:57:29', '2021-12-17 02:57:29');
INSERT INTO `answer` VALUES (388, 28, 'A、鸡蛋不能放在一个篮子里', 17, '2021-12-17 11:50:15', '2021-12-17 11:50:15');
INSERT INTO `answer` VALUES (389, 29, 'A、打破刚兑，风险与收益对等', 17, '2021-12-17 11:50:15', '2021-12-17 11:50:15');
INSERT INTO `answer` VALUES (390, 30, 'A、货币基金', 17, '2021-12-17 11:50:15', '2021-12-17 11:50:15');
INSERT INTO `answer` VALUES (391, 31, 'A、存款、国债', 17, '2021-12-17 11:50:15', '2021-12-17 11:50:15');
INSERT INTO `answer` VALUES (392, 32, 'A、未来不确定，分散风险，实现资产的保值增值', 17, '2021-12-17 11:50:15', '2021-12-17 11:50:15');
INSERT INTO `answer` VALUES (393, 33, 'A、按照自我想法确定', 17, '2021-12-17 11:50:15', '2021-12-17 11:50:15');
INSERT INTO `answer` VALUES (394, 34, 'A、是', 17, '2021-12-17 11:50:15', '2021-12-17 11:50:15');
INSERT INTO `answer` VALUES (395, 35, 'A、市场预测', 17, '2021-12-17 11:50:15', '2021-12-17 11:50:15');
INSERT INTO `answer` VALUES (396, 36, 'A、每月', 17, '2021-12-17 11:50:15', '2021-12-17 11:50:15');
INSERT INTO `answer` VALUES (397, 37, 'A、能够执行', 17, '2021-12-17 11:50:15', '2021-12-17 11:50:15');
INSERT INTO `answer` VALUES (398, 28, 'A、鸡蛋不能放在一个篮子里', 17, '2021-12-19 10:30:07', '2021-12-19 10:30:07');
INSERT INTO `answer` VALUES (399, 29, 'A、打破刚兑，风险与收益对等', 17, '2021-12-19 10:30:07', '2021-12-19 10:30:07');
INSERT INTO `answer` VALUES (400, 30, 'D、私募股权基金', 17, '2021-12-19 10:30:07', '2021-12-19 10:30:07');
INSERT INTO `answer` VALUES (401, 31, 'D、股权投资', 17, '2021-12-19 10:30:07', '2021-12-19 10:30:07');
INSERT INTO `answer` VALUES (402, 32, 'D、通过广泛播种，抓取千载难逢的机会', 17, '2021-12-19 10:30:07', '2021-12-19 10:30:07');
INSERT INTO `answer` VALUES (403, 33, 'D、	预测资产未来走势确定', 17, '2021-12-19 10:30:07', '2021-12-19 10:30:07');
INSERT INTO `answer` VALUES (404, 34, 'C、不确定', 17, '2021-12-19 10:30:07', '2021-12-19 10:30:07');
INSERT INTO `answer` VALUES (405, 35, 'C、日常资产配置跟踪服务', 17, '2021-12-19 10:30:07', '2021-12-19 10:30:07');
INSERT INTO `answer` VALUES (406, 36, 'C、每半年', 17, '2021-12-19 10:30:07', '2021-12-19 10:30:07');
INSERT INTO `answer` VALUES (407, 37, 'B、仅作为参考', 17, '2021-12-19 10:30:07', '2021-12-19 10:30:07');
INSERT INTO `answer` VALUES (408, 28, 'D、根据投资者风险水平下的大类资产配置', 17, '2021-12-31 12:12:43', '2021-12-31 12:12:43');
INSERT INTO `answer` VALUES (409, 29, 'C、分为固定收益类、权益类、商品金融衍生品类、混合类', 17, '2021-12-31 12:12:43', '2021-12-31 12:12:43');
INSERT INTO `answer` VALUES (410, 30, 'B、股票', 17, '2021-12-31 12:12:43', '2021-12-31 12:12:43');
INSERT INTO `answer` VALUES (411, 31, 'B、银行理财产品', 17, '2021-12-31 12:12:43', '2021-12-31 12:12:43');
INSERT INTO `answer` VALUES (412, 32, 'C、通过多元布局，获取最大化收益', 17, '2021-12-31 12:12:43', '2021-12-31 12:12:43');
INSERT INTO `answer` VALUES (413, 33, 'C、根据宏观基本面确定', 17, '2021-12-31 12:12:43', '2021-12-31 12:12:43');
INSERT INTO `answer` VALUES (414, 34, 'A、是', 17, '2021-12-31 12:12:43', '2021-12-31 12:12:43');
INSERT INTO `answer` VALUES (415, 35, 'C、日常资产配置跟踪服务', 17, '2021-12-31 12:12:43', '2021-12-31 12:12:43');
INSERT INTO `answer` VALUES (416, 36, 'B、每季', 17, '2021-12-31 12:12:43', '2021-12-31 12:12:43');
INSERT INTO `answer` VALUES (417, 37, 'A、能够执行', 17, '2021-12-31 12:12:43', '2021-12-31 12:12:43');
INSERT INTO `answer` VALUES (418, 28, 'D、根据投资者风险水平下的大类资产配置', 17, '2021-12-31 12:12:46', '2021-12-31 12:12:46');
INSERT INTO `answer` VALUES (419, 29, 'C、分为固定收益类、权益类、商品金融衍生品类、混合类', 17, '2021-12-31 12:12:46', '2021-12-31 12:12:46');
INSERT INTO `answer` VALUES (420, 30, 'B、股票', 17, '2021-12-31 12:12:46', '2021-12-31 12:12:46');
INSERT INTO `answer` VALUES (421, 31, 'B、银行理财产品', 17, '2021-12-31 12:12:46', '2021-12-31 12:12:46');
INSERT INTO `answer` VALUES (422, 32, 'C、通过多元布局，获取最大化收益', 17, '2021-12-31 12:12:46', '2021-12-31 12:12:46');
INSERT INTO `answer` VALUES (423, 33, 'C、根据宏观基本面确定', 17, '2021-12-31 12:12:46', '2021-12-31 12:12:46');
INSERT INTO `answer` VALUES (424, 34, 'A、是', 17, '2021-12-31 12:12:46', '2021-12-31 12:12:46');
INSERT INTO `answer` VALUES (425, 35, 'C、日常资产配置跟踪服务', 17, '2021-12-31 12:12:46', '2021-12-31 12:12:46');
INSERT INTO `answer` VALUES (426, 36, 'B、每季', 17, '2021-12-31 12:12:46', '2021-12-31 12:12:46');
INSERT INTO `answer` VALUES (427, 37, 'A、能够执行', 17, '2021-12-31 12:12:46', '2021-12-31 12:12:46');

-- ----------------------------
-- Table structure for banner
-- ----------------------------
DROP TABLE IF EXISTS `banner`;
CREATE TABLE `banner`  (
  `id` bigint(20) NOT NULL AUTO_INCREMENT COMMENT 'banner编号',
  `banner_name` varchar(32) CHARACTER SET utf8mb4 COLLATE utf8mb4_general_ci NOT NULL DEFAULT '' COMMENT 'banner名称',
  `url` varchar(255) CHARACTER SET utf8mb4 COLLATE utf8mb4_general_ci NOT NULL DEFAULT '' COMMENT 'url',
  `weight` int(10) UNSIGNED NOT NULL DEFAULT 0 COMMENT '倒序 数据校验最大值100 最小0',
  `create_time` datetime(0) NOT NULL COMMENT '创建时间',
  `update_time` datetime(0) NOT NULL COMMENT '更新时间',
  PRIMARY KEY (`id`) USING BTREE
) ENGINE = InnoDB AUTO_INCREMENT = 31 CHARACTER SET = utf8mb4 COLLATE = utf8mb4_general_ci ROW_FORMAT = Dynamic;

-- ----------------------------
-- Records of banner
-- ----------------------------
INSERT INTO `banner` VALUES (25, 'test1', 'http://admin-ccb.cczuit.cn/upload/img/20211022204235763.jpg', 0, '2021-10-07 11:14:07', '2021-10-22 20:42:37');

-- ----------------------------
-- Table structure for category
-- ----------------------------
DROP TABLE IF EXISTS `category`;
CREATE TABLE `category`  (
  `id` int(10) UNSIGNED NOT NULL AUTO_INCREMENT,
  `category_name` varchar(50) CHARACTER SET utf8mb4 COLLATE utf8mb4_general_ci NOT NULL DEFAULT '',
  PRIMARY KEY (`id`) USING BTREE
) ENGINE = InnoDB AUTO_INCREMENT = 7 CHARACTER SET = utf8mb4 COLLATE = utf8mb4_general_ci ROW_FORMAT = Dynamic;

-- ----------------------------
-- Records of category
-- ----------------------------
INSERT INTO `category` VALUES (5, '分组1');

-- ----------------------------
-- Table structure for channel
-- ----------------------------
DROP TABLE IF EXISTS `channel`;
CREATE TABLE `channel`  (
  `id` bigint(20) NOT NULL AUTO_INCREMENT COMMENT '频道编号',
  `channel_name` varchar(32) CHARACTER SET utf8mb4 COLLATE utf8mb4_general_ci NOT NULL DEFAULT '' COMMENT '频道名称',
  `icon` varchar(255) CHARACTER SET utf8mb4 COLLATE utf8mb4_general_ci NOT NULL DEFAULT '' COMMENT '首页icon的url',
  `content` varchar(255) CHARACTER SET utf8mb4 COLLATE utf8mb4_general_ci NULL DEFAULT '' COMMENT '内容文字介绍',
  `image` varchar(255) CHARACTER SET utf8mb4 COLLATE utf8mb4_general_ci NOT NULL DEFAULT '' COMMENT 'image的url',
  `create_time` datetime(0) NOT NULL COMMENT '创建时间',
  `update_time` datetime(0) NOT NULL COMMENT '更新时间',
  `status` tinyint(3) UNSIGNED NOT NULL DEFAULT 1 COMMENT '状态：1正常 0删除 --> 软删除',
  `enabled` tinyint(4) NOT NULL DEFAULT 1 COMMENT '状态：是否开启 1是 0否',
  `video` varchar(255) CHARACTER SET utf8mb4 COLLATE utf8mb4_general_ci NOT NULL DEFAULT '' COMMENT '简介视频的url',
  `weight` int(10) UNSIGNED NOT NULL DEFAULT 0 COMMENT '倒序 数据校验最大值100 最小0',
  `cover` varchar(255) CHARACTER SET utf8mb4 COLLATE utf8mb4_general_ci NOT NULL DEFAULT '0' COMMENT '封面图片URL',
  PRIMARY KEY (`id`) USING BTREE
) ENGINE = InnoDB AUTO_INCREMENT = 21 CHARACTER SET = utf8mb4 COLLATE = utf8mb4_general_ci ROW_FORMAT = Dynamic;

-- ----------------------------
-- Records of channel
-- ----------------------------
INSERT INTO `channel` VALUES (14, '保险保障', 'http://admin-ccb.cczuit.cn/upload/img/20211109163046347.png', '高质量医疗保障、养老保障，财富传承…保险规划如何实现财富需求', '', '2021-10-22 20:43:04', '2021-12-17 12:15:44', 1, 1, 'http://admin-ccb.cczuit.cn/upload/video/20211217120802261.mp4', 80, 'http://admin-ccb.cczuit.cn/upload/img/20211217120853689.PNG');
INSERT INTO `channel` VALUES (15, '家族传承', 'http://admin-ccb.cczuit.cn/upload/img/20211109163025817.png', '家企不分、股权代持、代际传承......如何防范风险，保护、传承和管理家族', '', '2021-10-24 20:20:41', '2021-12-17 12:15:18', 1, 1, 'http://admin-ccb.cczuit.cn/upload/video/20211202202739364.mp4', 90, 'http://admin-ccb.cczuit.cn/upload/img/20211217120231086.PNG');
INSERT INTO `channel` VALUES (16, '频道344', 'http://admin-ccb.cczuit.cn/upload/img/20211024202108719.jpg', '频道3', 'http://admin-ccb.cczuit.cn/upload/img/20211024202111741.jpg', '2021-10-24 20:21:14', '2021-10-24 20:21:30', 0, 1, '', 0, '0');
INSERT INTO `channel` VALUES (17, '资产配置', 'http://admin-ccb.cczuit.cn/upload/img/20211109163011289.png', '资产如何管理，各类产品风险如何判断？怎么平衡自身风险和收益目标？', '', '2021-11-01 21:23:22', '2021-12-30 16:35:49', 1, 1, 'http://admin-ccb.cczuit.cn/upload/video/20211230104610760.mp4', 100, 'http://admin-ccb.cczuit.cn/upload/img/20211230163546690.jpg');
INSERT INTO `channel` VALUES (18, '养老规划', 'http://admin-ccb.cczuit.cn/upload/img/20211109163112532.png', '想要拥有一个高品质的晚年生活，除了养老金，还需要做哪些准备？', '', '2021-11-09 16:31:19', '2021-12-17 12:15:45', 1, 1, '', 70, 'http://admin-ccb.cczuit.cn/upload/img/20211217121021661.PNG');
INSERT INTO `channel` VALUES (19, '公益慈善', 'http://admin-ccb.cczuit.cn/upload/img/20211109164509595.png', '“创富”与“创善”如何相互成就？慈善工具应该怎么用？', '', '2021-11-09 16:33:32', '2021-12-31 10:36:06', 1, 1, '', 60, '0');
INSERT INTO `channel` VALUES (20, '法律守富', 'http://admin-ccb.cczuit.cn/upload/img/20211109164521276.png', '看法律小剧场，避守富大风险。股权代持、遗产传承、家庭婚变、公私不分……预知如何规避风险，看这！', '', '2021-11-09 16:43:54', '2021-12-31 10:27:59', 1, 1, '', 50, '0');

-- ----------------------------
-- Table structure for distribution
-- ----------------------------
DROP TABLE IF EXISTS `distribution`;
CREATE TABLE `distribution`  (
  `id` int(10) UNSIGNED NOT NULL AUTO_INCREMENT,
  `name` varchar(50) CHARACTER SET utf8mb4 COLLATE utf8mb4_general_ci NOT NULL DEFAULT '' COMMENT '渠道名称',
  PRIMARY KEY (`id`) USING BTREE
) ENGINE = InnoDB AUTO_INCREMENT = 1 CHARACTER SET = utf8mb4 COLLATE = utf8mb4_general_ci ROW_FORMAT = Dynamic;

-- ----------------------------
-- Records of distribution
-- ----------------------------

-- ----------------------------
-- Table structure for home_page
-- ----------------------------
DROP TABLE IF EXISTS `home_page`;
CREATE TABLE `home_page`  (
  `id` int(10) UNSIGNED NOT NULL AUTO_INCREMENT,
  `video_url` varchar(255) CHARACTER SET utf8mb4 COLLATE utf8mb4_general_ci NOT NULL DEFAULT '' COMMENT '首页视频',
  `activity` varchar(255) CHARACTER SET utf8mb4 COLLATE utf8mb4_general_ci NOT NULL DEFAULT '' COMMENT '活动介绍',
  `picture` varchar(255) CHARACTER SET utf8mb4 COLLATE utf8mb4_general_ci NOT NULL DEFAULT '0' COMMENT '封面图片URL',
  PRIMARY KEY (`id`) USING BTREE
) ENGINE = InnoDB AUTO_INCREMENT = 3 CHARACTER SET = utf8mb4 COLLATE = utf8mb4_general_ci ROW_FORMAT = Dynamic;

-- ----------------------------
-- Records of home_page
-- ----------------------------
INSERT INTO `home_page` VALUES (2, 'http://admin-ccb.cczuit.cn/upload/video/20211230104548615.mp4', '2022年“财富·守攻传”建行私人银行观点分享邀请14位建行私人银行总行级财富顾问，围绕私行客户关心关注的问题，从资产配置、公益慈善、家族信托、保险保障、养老规划和法律守富六大专题，展开系列话题分享。', 'http://admin-ccb.cczuit.cn/upload/img/20211230104418936.png');

-- ----------------------------
-- Table structure for log_channel
-- ----------------------------
DROP TABLE IF EXISTS `log_channel`;
CREATE TABLE `log_channel`  (
  `id` int(10) UNSIGNED NOT NULL AUTO_INCREMENT,
  `count` int(11) NOT NULL DEFAULT 0 COMMENT '访问次数',
  `channel_name` varchar(50) CHARACTER SET utf8mb4 COLLATE utf8mb4_general_ci NOT NULL DEFAULT '',
  `create_time` date NOT NULL COMMENT '创建时间',
  `distribution_id` int(10) UNSIGNED NOT NULL DEFAULT 0 COMMENT '分发渠道ID',
  PRIMARY KEY (`id`) USING BTREE
) ENGINE = InnoDB AUTO_INCREMENT = 752 CHARACTER SET = utf8mb4 COLLATE = utf8mb4_general_ci ROW_FORMAT = Dynamic;

-- ----------------------------
-- Records of log_channel
-- ----------------------------

-- ----------------------------
-- Table structure for log_share
-- ----------------------------
DROP TABLE IF EXISTS `log_share`;
CREATE TABLE `log_share`  (
  `id` int(10) UNSIGNED NOT NULL AUTO_INCREMENT,
  `count` int(10) NOT NULL DEFAULT 0 COMMENT '分享数量',
  `create_time` date NOT NULL COMMENT '创建时间',
  `distribution_id` int(10) UNSIGNED NOT NULL DEFAULT 0 COMMENT '分发渠道ID',
  PRIMARY KEY (`id`) USING BTREE
) ENGINE = InnoDB AUTO_INCREMENT = 1 CHARACTER SET = utf8mb4 COLLATE = utf8mb4_general_ci ROW_FORMAT = Dynamic;

-- ----------------------------
-- Records of log_share
-- ----------------------------

-- ----------------------------
-- Table structure for log_teacher
-- ----------------------------
DROP TABLE IF EXISTS `log_teacher`;
CREATE TABLE `log_teacher`  (
  `id` int(10) UNSIGNED NOT NULL AUTO_INCREMENT,
  `count` int(10) UNSIGNED NOT NULL DEFAULT 0,
  `teacher_name` varchar(50) CHARACTER SET utf8mb4 COLLATE utf8mb4_general_ci NOT NULL DEFAULT '',
  `create_time` date NOT NULL COMMENT '创建日期',
  `distribution_id` int(10) UNSIGNED NOT NULL DEFAULT 0 COMMENT '分发渠道ID',
  PRIMARY KEY (`id`) USING BTREE
) ENGINE = InnoDB AUTO_INCREMENT = 583 CHARACTER SET = utf8mb4 COLLATE = utf8mb4_general_ci ROW_FORMAT = Dynamic;

-- ----------------------------
-- Records of log_teacher
-- ----------------------------

-- ----------------------------
-- Table structure for log_user
-- ----------------------------
DROP TABLE IF EXISTS `log_user`;
CREATE TABLE `log_user`  (
  `id` int(10) UNSIGNED NOT NULL AUTO_INCREMENT,
  `count` int(10) NOT NULL DEFAULT 0 COMMENT '访问用户数',
  `create_time` date NOT NULL COMMENT '创建时间',
  `distribution_id` int(10) UNSIGNED NOT NULL DEFAULT 0 COMMENT '分发渠道ID',
  PRIMARY KEY (`id`) USING BTREE
) ENGINE = InnoDB AUTO_INCREMENT = 1 CHARACTER SET = utf8mb4 COLLATE = utf8mb4_general_ci ROW_FORMAT = Dynamic;

-- ----------------------------
-- Records of log_user
-- ----------------------------

-- ----------------------------
-- Table structure for log_video
-- ----------------------------
DROP TABLE IF EXISTS `log_video`;
CREATE TABLE `log_video`  (
  `id` int(10) UNSIGNED NOT NULL AUTO_INCREMENT,
  `view_count` int(11) NOT NULL DEFAULT 0 COMMENT '观看次数',
  `share_count` int(11) NOT NULL DEFAULT 0 COMMENT '分享次数',
  `video_name` varchar(50) CHARACTER SET utf8mb4 COLLATE utf8mb4_general_ci NOT NULL DEFAULT '',
  `create_time` date NOT NULL COMMENT '创建日期',
  `distribution_id` int(10) UNSIGNED NOT NULL DEFAULT 0 COMMENT '分发渠道ID',
  PRIMARY KEY (`id`) USING BTREE
) ENGINE = InnoDB AUTO_INCREMENT = 1668 CHARACTER SET = utf8mb4 COLLATE = utf8mb4_general_ci ROW_FORMAT = Dynamic;

-- ----------------------------
-- Records of log_video
-- ----------------------------
INSERT INTO `log_video` VALUES (1065, 2, 0, '家族信托知多少：专家教你保护、传承和管理家庭财富', '2021-11-30', 0);
INSERT INTO `log_video` VALUES (1066, 2, 0, '我们该为养老做哪些准备', '2021-11-30', 0);
INSERT INTO `log_video` VALUES (1067, 2, 0, '家族信托知多少：专家教你保护、传承和管理家庭财富', '2021-12-01', 0);
INSERT INTO `log_video` VALUES (1068, 2, 0, '家族信托知多少：专家教你保护、传承和管理家庭财富', '2021-12-01', 0);
INSERT INTO `log_video` VALUES (1069, 2, 0, '我们该为养老做哪些准备', '2021-12-01', 0);
INSERT INTO `log_video` VALUES (1070, 2, 0, '我们该为养老做哪些准备', '2021-12-01', 0);
INSERT INTO `log_video` VALUES (1071, 2, 0, '我们该为养老做哪些准备', '2021-12-01', 0);
INSERT INTO `log_video` VALUES (1072, 2, 0, '我们该为养老做哪些准备', '2021-12-01', 0);
INSERT INTO `log_video` VALUES (1073, 2, 0, '我们该为养老做哪些准备', '2021-12-01', 0);
INSERT INTO `log_video` VALUES (1074, 2, 0, '我们该为养老做哪些准备', '2021-12-01', 0);
INSERT INTO `log_video` VALUES (1075, 2, 0, '我们该为养老做哪些准备', '2021-12-01', 0);
INSERT INTO `log_video` VALUES (1076, 2, 0, '我们该为养老做哪些准备', '2021-12-01', 0);
INSERT INTO `log_video` VALUES (1077, 2, 0, '我们该为养老做哪些准备', '2021-12-01', 0);
INSERT INTO `log_video` VALUES (1078, 2, 0, '我们该为养老做哪些准备', '2021-12-01', 0);
INSERT INTO `log_video` VALUES (1079, 2, 0, '我们该为养老做哪些准备', '2021-12-01', 0);
INSERT INTO `log_video` VALUES (1080, 2, 0, '我们该为养老做哪些准备', '2021-12-01', 0);
INSERT INTO `log_video` VALUES (1081, 2, 0, '我们该为养老做哪些准备', '2021-12-01', 0);
INSERT INTO `log_video` VALUES (1082, 2, 0, '我们该为养老做哪些准备', '2021-12-01', 0);
INSERT INTO `log_video` VALUES (1083, 2, 0, '我们该为养老做哪些准备', '2021-12-01', 0);
INSERT INTO `log_video` VALUES (1084, 2, 0, '家族信托知多少：专家教你保护、传承和管理家庭财富', '2021-12-01', 0);
INSERT INTO `log_video` VALUES (1085, 2, 0, '我们该为养老做哪些准备', '2021-12-01', 0);
INSERT INTO `log_video` VALUES (1086, 2, 0, '我们该为养老做哪些准备', '2021-12-01', 0);
INSERT INTO `log_video` VALUES (1087, 2, 0, '我们该为养老做哪些准备', '2021-12-01', 0);
INSERT INTO `log_video` VALUES (1088, 2, 0, '我们该为养老做哪些准备', '2021-12-01', 0);
INSERT INTO `log_video` VALUES (1089, 2, 0, '我们该为养老做哪些准备', '2021-12-01', 0);
INSERT INTO `log_video` VALUES (1090, 2, 0, '我们该为养老做哪些准备', '2021-12-01', 0);
INSERT INTO `log_video` VALUES (1091, 2, 0, '家族信托知多少：专家教你保护、传承和管理家庭财富', '2021-12-01', 0);
INSERT INTO `log_video` VALUES (1092, 2, 0, '我们该为养老做哪些准备', '2021-12-01', 0);
INSERT INTO `log_video` VALUES (1093, 2, 0, '亿元保单频现背后，高净值人群配置保险用意何在？', '2021-12-01', 0);
INSERT INTO `log_video` VALUES (1094, 2, 0, '家族信托知多少：专家教你保护、传承和管理家庭财富', '2021-12-01', 0);
INSERT INTO `log_video` VALUES (1095, 2, 0, '“第三次分配”火了，国内越来越多富人热衷公益', '2021-12-01', 0);
INSERT INTO `log_video` VALUES (1096, 2, 0, '从资管新规出发，聊聊资产配置的那些事', '2021-12-01', 0);
INSERT INTO `log_video` VALUES (1097, 2, 0, '家族信托知多少：专家教你保护、传承和管理家庭财富', '2021-12-01', 0);
INSERT INTO `log_video` VALUES (1098, 2, 0, '从资管新规出发，聊聊资产配置的那些事', '2021-12-01', 0);
INSERT INTO `log_video` VALUES (1099, 2, 0, '“第三次分配”火了，国内越来越多富人热衷公益', '2021-12-01', 0);
INSERT INTO `log_video` VALUES (1100, 2, 0, '家族信托知多少：专家教你保护、传承和管理家庭财富', '2021-12-01', 0);
INSERT INTO `log_video` VALUES (1101, 2, 0, '从资管新规出发，聊聊资产配置的那些事', '2021-12-01', 0);
INSERT INTO `log_video` VALUES (1102, 2, 0, '“第三次分配”火了，国内越来越多富人热衷公益', '2021-12-01', 0);
INSERT INTO `log_video` VALUES (1103, 2, 0, '法律剧场', '2021-12-01', 0);
INSERT INTO `log_video` VALUES (1104, 2, 0, '法律剧场', '2021-12-01', 0);
INSERT INTO `log_video` VALUES (1105, 2, 0, '法律剧场', '2021-12-01', 0);
INSERT INTO `log_video` VALUES (1106, 2, 0, '从资管新规出发，聊聊资产配置的那些事', '2021-12-01', 0);
INSERT INTO `log_video` VALUES (1107, 2, 0, '家族信托知多少：专家教你保护、传承和管理家庭财富', '2021-12-01', 0);
INSERT INTO `log_video` VALUES (1108, 2, 0, '家族信托知多少：专家教你保护、传承和管理家庭财富', '2021-12-01', 0);
INSERT INTO `log_video` VALUES (1109, 4, 0, '法律剧场', '2021-12-01', 0);
INSERT INTO `log_video` VALUES (1110, 2, 0, '亿元保单频现背后，高净值人群配置保险用意何在？', '2021-12-01', 0);
INSERT INTO `log_video` VALUES (1111, 2, 0, '视频二', '2021-12-01', 0);
INSERT INTO `log_video` VALUES (1112, 2, 0, '法律剧场', '2021-12-01', 0);
INSERT INTO `log_video` VALUES (1113, 2, 0, '法律剧场', '2021-12-01', 0);
INSERT INTO `log_video` VALUES (1114, 2, 0, '视频二', '2021-12-01', 0);
INSERT INTO `log_video` VALUES (1115, 2, 0, '从资管新规出发，聊聊资产配置的那些事', '2021-12-01', 0);
INSERT INTO `log_video` VALUES (1116, 3, 0, '视频二', '2021-12-01', 0);
INSERT INTO `log_video` VALUES (1117, 1, 0, '视频二', '2021-12-01', 0);
INSERT INTO `log_video` VALUES (1118, 1, 0, '视频二', '2021-12-01', 0);
INSERT INTO `log_video` VALUES (1119, 3, 0, '视频二', '2021-12-01', 0);
INSERT INTO `log_video` VALUES (1120, 1, 0, '视频二', '2021-12-01', 0);
INSERT INTO `log_video` VALUES (1121, 1, 0, '视频二', '2021-12-01', 0);
INSERT INTO `log_video` VALUES (1122, 3, 0, '视频二', '2021-12-01', 0);
INSERT INTO `log_video` VALUES (1123, 3, 0, '视频二', '2021-12-01', 0);
INSERT INTO `log_video` VALUES (1124, 2, 0, '“第三次分配”火了，国内越来越多富人热衷公益', '2021-12-01', 0);
INSERT INTO `log_video` VALUES (1125, 2, 0, '法律剧场', '2021-12-01', 0);
INSERT INTO `log_video` VALUES (1126, 5, 0, '视频二', '2021-12-01', 0);
INSERT INTO `log_video` VALUES (1127, 2, 0, '法律剧场', '2021-12-01', 0);
INSERT INTO `log_video` VALUES (1128, 2, 0, '法律剧场', '2021-12-01', 0);
INSERT INTO `log_video` VALUES (1129, 1, 0, '家族信托知多少：专家教你保护、传承和管理家庭财富', '2021-12-01', 0);
INSERT INTO `log_video` VALUES (1130, 1, 0, '家族信托知多少：专家教你保护、传承和管理家庭财富', '2021-12-01', 0);
INSERT INTO `log_video` VALUES (1131, 2, 0, '“第三次分配”火了，国内越来越多富人热衷公益', '2021-12-01', 0);
INSERT INTO `log_video` VALUES (1132, 2, 0, '“第三次分配”火了，国内越来越多富人热衷公益', '2021-12-01', 0);
INSERT INTO `log_video` VALUES (1133, 2, 0, '家族信托知多少：专家教你保护、传承和管理家庭财富', '2021-12-01', 0);
INSERT INTO `log_video` VALUES (1134, 2, 0, '家族信托知多少：专家教你保护、传承和管理家庭财富', '2021-12-01', 0);
INSERT INTO `log_video` VALUES (1135, 2, 0, '家族信托知多少：专家教你保护、传承和管理家庭财富', '2021-12-01', 0);
INSERT INTO `log_video` VALUES (1136, 2, 0, '家族信托知多少：专家教你保护、传承和管理家庭财富', '2021-12-01', 0);
INSERT INTO `log_video` VALUES (1137, 2, 0, '家族信托知多少：专家教你保护、传承和管理家庭财富', '2021-12-01', 0);
INSERT INTO `log_video` VALUES (1138, 2, 0, '家族信托知多少：专家教你保护、传承和管理家庭财富', '2021-12-01', 0);
INSERT INTO `log_video` VALUES (1139, 3, 0, '家族信托知多少：专家教你保护、传承和管理家庭财富', '2021-12-01', 0);
INSERT INTO `log_video` VALUES (1140, 2, 0, '家族信托知多少：专家教你保护、传承和管理家庭财富', '2021-12-01', 0);
INSERT INTO `log_video` VALUES (1141, 2, 0, '家族信托知多少：专家教你保护、传承和管理家庭财富', '2021-12-01', 0);
INSERT INTO `log_video` VALUES (1142, 2, 0, '家族信托知多少：专家教你保护、传承和管理家庭财富', '2021-12-01', 0);
INSERT INTO `log_video` VALUES (1143, 2, 0, '我们该为养老做哪些准备', '2021-12-01', 0);
INSERT INTO `log_video` VALUES (1144, 2, 0, '我们该为养老做哪些准备', '2021-12-01', 0);
INSERT INTO `log_video` VALUES (1145, 2, 0, '我们该为养老做哪些准备', '2021-12-01', 0);
INSERT INTO `log_video` VALUES (1146, 2, 0, '我们该为养老做哪些准备', '2021-12-01', 0);
INSERT INTO `log_video` VALUES (1147, 2, 0, '家族信托知多少：专家教你保护、传承和管理家庭财富', '2021-12-01', 0);
INSERT INTO `log_video` VALUES (1148, 2, 0, '我们该为养老做哪些准备', '2021-12-01', 0);
INSERT INTO `log_video` VALUES (1149, 2, 0, '我们该为养老做哪些准备', '2021-12-01', 0);
INSERT INTO `log_video` VALUES (1150, 2, 0, '我们该为养老做哪些准备', '2021-12-01', 0);
INSERT INTO `log_video` VALUES (1151, 2, 0, '我们该为养老做哪些准备', '2021-12-01', 0);
INSERT INTO `log_video` VALUES (1152, 2, 0, '视频二', '2021-12-01', 0);
INSERT INTO `log_video` VALUES (1153, 2, 0, '我们该为养老做哪些准备', '2021-12-01', 0);
INSERT INTO `log_video` VALUES (1154, 2, 0, '亿元保单频现背后，高净值人群配置保险用意何在？', '2021-12-01', 0);
INSERT INTO `log_video` VALUES (1155, 2, 0, '视频二', '2021-12-01', 0);
INSERT INTO `log_video` VALUES (1156, 2, 0, '我们该为养老做哪些准备', '2021-12-01', 0);
INSERT INTO `log_video` VALUES (1157, 2, 0, '我们该为养老做哪些准备', '2021-12-01', 0);
INSERT INTO `log_video` VALUES (1158, 2, 0, '“第三次分配”火了，国内越来越多富人热衷公益', '2021-12-01', 0);
INSERT INTO `log_video` VALUES (1159, 2, 0, '“第三次分配”火了，国内越来越多富人热衷公益', '2021-12-01', 0);
INSERT INTO `log_video` VALUES (1160, 2, 0, '从资管新规出发，聊聊资产配置的那些事', '2021-12-01', 0);
INSERT INTO `log_video` VALUES (1161, 2, 0, '家族信托知多少：专家教你保护、传承和管理家庭财富', '2021-12-01', 0);
INSERT INTO `log_video` VALUES (1162, 2, 0, '我们该为养老做哪些准备', '2021-12-01', 0);
INSERT INTO `log_video` VALUES (1163, 2, 0, '我们该为养老做哪些准备', '2021-12-01', 0);
INSERT INTO `log_video` VALUES (1164, 2, 0, '亿元保单频现背后，高净值人群配置保险用意何在？', '2021-12-01', 0);
INSERT INTO `log_video` VALUES (1165, 2, 0, '“第三次分配”火了，国内越来越多富人热衷公益', '2021-12-01', 0);
INSERT INTO `log_video` VALUES (1166, 2, 0, '视频二', '2021-12-01', 0);
INSERT INTO `log_video` VALUES (1167, 2, 0, '视频二', '2021-12-01', 0);
INSERT INTO `log_video` VALUES (1168, 2, 0, '家族信托知多少：专家教你保护、传承和管理家庭财富', '2021-12-01', 0);
INSERT INTO `log_video` VALUES (1169, 3, 0, '法律剧场', '2021-12-01', 0);
INSERT INTO `log_video` VALUES (1170, 1, 0, '法律剧场', '2021-12-01', 0);
INSERT INTO `log_video` VALUES (1171, 2, 0, '家族信托知多少：专家教你保护、传承和管理家庭财富', '2021-12-01', 0);
INSERT INTO `log_video` VALUES (1172, 4, 0, '家族信托知多少：专家教你保护、传承和管理家庭财富', '2021-12-01', 0);
INSERT INTO `log_video` VALUES (1173, 2, 0, '从资管新规出发，聊聊资产配置的那些事', '2021-12-01', 0);
INSERT INTO `log_video` VALUES (1174, 2, 0, '家族信托知多少：专家教你保护、传承和管理家庭财富', '2021-12-01', 0);
INSERT INTO `log_video` VALUES (1175, 3, 0, '家族信托知多少：专家教你保护、传承和管理家庭财富', '2021-12-01', 0);
INSERT INTO `log_video` VALUES (1176, 2, 0, '家族信托知多少：专家教你保护、传承和管理家庭财富', '2021-12-01', 0);
INSERT INTO `log_video` VALUES (1177, 2, 0, '我们该为养老做哪些准备', '2021-12-01', 0);
INSERT INTO `log_video` VALUES (1178, 2, 0, '从资管新规出发，聊聊资产配置的那些事', '2021-12-01', 0);
INSERT INTO `log_video` VALUES (1179, 3, 0, '视频二', '2021-12-01', 0);
INSERT INTO `log_video` VALUES (1180, 2, 0, '家族信托知多少：专家教你保护、传承和管理家庭财富', '2021-12-01', 0);
INSERT INTO `log_video` VALUES (1181, 2, 0, '我们该为养老做哪些准备', '2021-12-01', 0);
INSERT INTO `log_video` VALUES (1182, 2, 0, '家族信托知多少：专家教你保护、传承和管理家庭财富', '2021-12-01', 0);
INSERT INTO `log_video` VALUES (1183, 2, 0, '从资管新规出发，聊聊资产配置的那些事', '2021-12-01', 0);
INSERT INTO `log_video` VALUES (1184, 2, 0, '从资管新规出发，聊聊资产配置的那些事', '2021-12-01', 0);
INSERT INTO `log_video` VALUES (1185, 3, 0, '从资管新规出发，聊聊资产配置的那些事', '2021-12-01', 0);
INSERT INTO `log_video` VALUES (1186, 9, 0, '从资管新规出发，聊聊资产配置的那些事', '2021-12-01', 0);
INSERT INTO `log_video` VALUES (1187, 5, 0, '从资管新规出发，聊聊资产配置的那些事', '2021-12-01', 0);
INSERT INTO `log_video` VALUES (1188, 11, 0, '从资管新规出发，聊聊资产配置的那些事', '2021-12-01', 0);
INSERT INTO `log_video` VALUES (1189, 2, 0, '从资管新规出发，聊聊资产配置的那些事', '2021-12-01', 0);
INSERT INTO `log_video` VALUES (1190, 2, 0, '从资管新规出发，聊聊资产配置的那些事', '2021-12-01', 0);
INSERT INTO `log_video` VALUES (1191, 2, 0, '从资管新规出发，聊聊资产配置的那些事', '2021-12-01', 0);
INSERT INTO `log_video` VALUES (1192, 2, 0, '“第三次分配”火了，国内越来越多富人热衷公益', '2021-12-01', 0);
INSERT INTO `log_video` VALUES (1193, 2, 0, '“第三次分配”火了，国内越来越多富人热衷公益', '2021-12-01', 0);
INSERT INTO `log_video` VALUES (1194, 2, 0, '我们该为养老做哪些准备', '2021-12-01', 0);
INSERT INTO `log_video` VALUES (1195, 1, 0, '我们该为养老做哪些准备', '2021-12-01', 0);
INSERT INTO `log_video` VALUES (1196, 2, 0, '“第三次分配”火了，国内越来越多富人热衷公益', '2021-12-01', 0);
INSERT INTO `log_video` VALUES (1197, 2, 0, '从资管新规出发，聊聊资产配置的那些事', '2021-12-01', 0);
INSERT INTO `log_video` VALUES (1198, 5, 0, '家族信托知多少：专家教你保护、传承和管理家庭财富', '2021-12-01', 0);
INSERT INTO `log_video` VALUES (1199, 7, 0, '家族信托知多少：专家教你保护、传承和管理家庭财富', '2021-12-01', 0);
INSERT INTO `log_video` VALUES (1200, 2, 0, '家族信托知多少：专家教你保护、传承和管理家庭财富', '2021-12-01', 0);
INSERT INTO `log_video` VALUES (1201, 2, 0, '从资管新规出发，聊聊资产配置的那些事', '2021-12-01', 0);
INSERT INTO `log_video` VALUES (1202, 2, 0, '亿元保单频现背后，高净值人群配置保险用意何在？', '2021-12-01', 0);
INSERT INTO `log_video` VALUES (1203, 5, 0, '从资管新规出发，聊聊资产配置的那些事', '2021-12-01', 0);
INSERT INTO `log_video` VALUES (1204, 6, 0, '从资管新规出发，聊聊资产配置的那些事', '2021-12-01', 0);
INSERT INTO `log_video` VALUES (1205, 9, 0, '从资管新规出发，聊聊资产配置的那些事', '2021-12-01', 0);
INSERT INTO `log_video` VALUES (1206, 2, 0, '视频二', '2021-12-01', 0);
INSERT INTO `log_video` VALUES (1207, 2, 0, '家族信托知多少：专家教你保护、传承和管理家庭财富', '2021-12-01', 0);
INSERT INTO `log_video` VALUES (1208, 2, 0, '家族信托知多少：专家教你保护、传承和管理家庭财富', '2021-12-01', 0);
INSERT INTO `log_video` VALUES (1209, 2, 0, '家族信托知多少：专家教你保护、传承和管理家庭财富', '2021-12-01', 0);
INSERT INTO `log_video` VALUES (1210, 2, 0, '家族信托知多少：专家教你保护、传承和管理家庭财富', '2021-12-01', 0);
INSERT INTO `log_video` VALUES (1211, 2, 0, '家族信托知多少：专家教你保护、传承和管理家庭财富', '2021-12-01', 0);
INSERT INTO `log_video` VALUES (1212, 2, 0, '家族信托知多少：专家教你保护、传承和管理家庭财富', '2021-12-01', 0);
INSERT INTO `log_video` VALUES (1213, 2, 0, '家族信托知多少：专家教你保护、传承和管理家庭财富', '2021-12-01', 0);
INSERT INTO `log_video` VALUES (1214, 2, 0, '家族信托知多少：专家教你保护、传承和管理家庭财富', '2021-12-01', 0);
INSERT INTO `log_video` VALUES (1215, 2, 0, '法律剧场', '2021-12-01', 0);
INSERT INTO `log_video` VALUES (1216, 2, 0, '家族信托知多少：专家教你保护、传承和管理家庭财富', '2021-12-01', 0);
INSERT INTO `log_video` VALUES (1217, 2, 0, '家族信托知多少：专家教你保护、传承和管理家庭财富', '2021-12-01', 0);
INSERT INTO `log_video` VALUES (1218, 2, 0, '从资管新规出发，聊聊资产配置的那些事', '2021-12-01', 0);
INSERT INTO `log_video` VALUES (1219, 2, 0, '家族信托知多少：专家教你保护、传承和管理家庭财富', '2021-12-01', 0);
INSERT INTO `log_video` VALUES (1220, 2, 0, '从资管新规出发，聊聊资产配置的那些事', '2021-12-01', 0);
INSERT INTO `log_video` VALUES (1221, 2, 0, '家族信托知多少：专家教你保护、传承和管理家庭财富', '2021-12-01', 0);
INSERT INTO `log_video` VALUES (1222, 2, 0, '法律剧场', '2021-12-01', 0);
INSERT INTO `log_video` VALUES (1223, 2, 0, '家族信托知多少：专家教你保护、传承和管理家庭财富', '2021-12-01', 0);
INSERT INTO `log_video` VALUES (1224, 2, 0, '家族信托知多少：专家教你保护、传承和管理家庭财富', '2021-12-01', 0);
INSERT INTO `log_video` VALUES (1225, 2, 0, '家族信托知多少：专家教你保护、传承和管理家庭财富', '2021-12-01', 0);
INSERT INTO `log_video` VALUES (1226, 2, 0, '家族信托知多少：专家教你保护、传承和管理家庭财富', '2021-12-01', 0);
INSERT INTO `log_video` VALUES (1227, 2, 0, '家族信托知多少：专家教你保护、传承和管理家庭财富', '2021-12-01', 0);
INSERT INTO `log_video` VALUES (1228, 2, 0, '家族信托知多少：专家教你保护、传承和管理家庭财富', '2021-12-01', 0);
INSERT INTO `log_video` VALUES (1229, 2, 0, '家族信托知多少：专家教你保护、传承和管理家庭财富', '2021-12-01', 0);
INSERT INTO `log_video` VALUES (1230, 2, 0, '家族信托知多少：专家教你保护、传承和管理家庭财富', '2021-12-01', 0);
INSERT INTO `log_video` VALUES (1231, 2, 0, '家族信托知多少：专家教你保护、传承和管理家庭财富', '2021-12-01', 0);
INSERT INTO `log_video` VALUES (1232, 2, 0, '家族信托知多少：专家教你保护、传承和管理家庭财富', '2021-12-01', 0);
INSERT INTO `log_video` VALUES (1233, 2, 0, '家族信托知多少：专家教你保护、传承和管理家庭财富', '2021-12-01', 0);
INSERT INTO `log_video` VALUES (1234, 2, 0, '家族信托知多少：专家教你保护、传承和管理家庭财富', '2021-12-01', 0);
INSERT INTO `log_video` VALUES (1235, 2, 0, '家族信托知多少：专家教你保护、传承和管理家庭财富', '2021-12-01', 0);
INSERT INTO `log_video` VALUES (1236, 2, 0, '从资管新规出发，聊聊资产配置的那些事', '2021-12-01', 0);
INSERT INTO `log_video` VALUES (1237, 2, 0, '我们该为养老做哪些准备', '2021-12-01', 0);
INSERT INTO `log_video` VALUES (1238, 2, 0, '我们该为养老做哪些准备', '2021-12-01', 0);
INSERT INTO `log_video` VALUES (1239, 2, 0, '我们该为养老做哪些准备', '2021-12-01', 0);
INSERT INTO `log_video` VALUES (1240, 2, 0, '“第三次分配”火了，国内越来越多富人热衷公益', '2021-12-01', 0);
INSERT INTO `log_video` VALUES (1241, 2, 0, '我们该为养老做哪些准备', '2021-12-01', 0);
INSERT INTO `log_video` VALUES (1242, 2, 0, '“第三次分配”火了，国内越来越多富人热衷公益', '2021-12-01', 0);
INSERT INTO `log_video` VALUES (1243, 2, 0, '我们该为养老做哪些准备', '2021-12-01', 0);
INSERT INTO `log_video` VALUES (1244, 1, 0, '我们该为养老做哪些准备', '2021-12-01', 0);
INSERT INTO `log_video` VALUES (1245, 1, 0, '我们该为养老做哪些准备', '2021-12-01', 0);
INSERT INTO `log_video` VALUES (1246, 2, 0, '我们该为养老做哪些准备', '2021-12-01', 0);
INSERT INTO `log_video` VALUES (1247, 2, 0, '我们该为养老做哪些准备', '2021-12-01', 0);
INSERT INTO `log_video` VALUES (1248, 2, 0, '我们该为养老做哪些准备', '2021-12-01', 0);
INSERT INTO `log_video` VALUES (1249, 2, 0, '我们该为养老做哪些准备', '2021-12-01', 0);
INSERT INTO `log_video` VALUES (1250, 2, 0, '我们该为养老做哪些准备', '2021-12-01', 0);
INSERT INTO `log_video` VALUES (1251, 1, 0, '视频二', '2021-12-01', 0);
INSERT INTO `log_video` VALUES (1252, 4, 0, '视频二', '2021-12-01', 0);
INSERT INTO `log_video` VALUES (1253, 2, 0, '我们该为养老做哪些准备', '2021-12-01', 0);
INSERT INTO `log_video` VALUES (1254, 2, 0, '我们该为养老做哪些准备', '2021-12-01', 0);
INSERT INTO `log_video` VALUES (1255, 2, 0, '我们该为养老做哪些准备', '2021-12-01', 0);
INSERT INTO `log_video` VALUES (1256, 2, 0, '从资管新规出发，聊聊资产配置的那些事', '2021-12-01', 0);
INSERT INTO `log_video` VALUES (1257, 2, 0, '我们该为养老做哪些准备', '2021-12-01', 0);
INSERT INTO `log_video` VALUES (1258, 2, 0, '我们该为养老做哪些准备', '2021-12-01', 0);
INSERT INTO `log_video` VALUES (1259, 3, 0, '我们该为养老做哪些准备', '2021-12-01', 0);
INSERT INTO `log_video` VALUES (1260, 1, 0, '我们该为养老做哪些准备', '2021-12-01', 0);
INSERT INTO `log_video` VALUES (1261, 1, 0, '我们该为养老做哪些准备', '2021-12-01', 0);
INSERT INTO `log_video` VALUES (1262, 2, 0, '我们该为养老做哪些准备', '2021-12-01', 0);
INSERT INTO `log_video` VALUES (1263, 2, 0, '我们该为养老做哪些准备', '2021-12-01', 0);
INSERT INTO `log_video` VALUES (1264, 2, 0, '家族信托知多少：专家教你保护、传承和管理家庭财富', '2021-12-01', 0);
INSERT INTO `log_video` VALUES (1265, 2, 0, '我们该为养老做哪些准备', '2021-12-01', 0);
INSERT INTO `log_video` VALUES (1266, 1, 0, '家族信托知多少：专家教你保护、传承和管理家庭财富', '2021-12-01', 0);
INSERT INTO `log_video` VALUES (1267, 2, 0, '从资管新规出发，聊聊资产配置的那些事', '2021-12-02', 0);
INSERT INTO `log_video` VALUES (1268, 2, 0, '家族信托知多少：专家教你保护、传承和管理家庭财富', '2021-12-02', 0);
INSERT INTO `log_video` VALUES (1269, 2, 0, '法律剧场', '2021-12-02', 0);
INSERT INTO `log_video` VALUES (1270, 2, 0, '家族信托知多少：专家教你保护、传承和管理家庭财富', '2021-12-02', 0);
INSERT INTO `log_video` VALUES (1271, 2, 0, '家族信托知多少：专家教你保护、传承和管理家庭财富', '2021-12-02', 0);
INSERT INTO `log_video` VALUES (1272, 2, 0, '“第三次分配”火了，国内越来越多富人热衷公益', '2021-12-02', 0);
INSERT INTO `log_video` VALUES (1273, 2, 0, '我们该为养老做哪些准备', '2021-12-02', 0);
INSERT INTO `log_video` VALUES (1274, 2, 0, '家族信托知多少：专家教你保护、传承和管理家庭财富', '2021-12-02', 0);
INSERT INTO `log_video` VALUES (1275, 2, 0, '家族信托知多少：专家教你保护、传承和管理家庭财富', '2021-12-02', 0);
INSERT INTO `log_video` VALUES (1276, 2, 0, '从资管新规出发，聊聊资产配置的那些事', '2021-12-03', 0);
INSERT INTO `log_video` VALUES (1277, 2, 0, '从资管新规出发，聊聊资产配置的那些事', '2021-12-03', 0);
INSERT INTO `log_video` VALUES (1278, 2, 0, '家族信托知多少：专家教你保护、传承和管理家庭财富', '2021-12-03', 0);
INSERT INTO `log_video` VALUES (1279, 2, 0, '“第三次分配”火了，国内越来越多富人热衷公益', '2021-12-03', 0);
INSERT INTO `log_video` VALUES (1280, 2, 0, '家族信托知多少：专家教你保护、传承和管理家庭财富', '2021-12-03', 0);
INSERT INTO `log_video` VALUES (1281, 2, 0, '家族信托知多少：专家教你保护、传承和管理家庭财富', '2021-12-03', 0);
INSERT INTO `log_video` VALUES (1282, 2, 0, '法律剧场', '2021-12-03', 0);
INSERT INTO `log_video` VALUES (1283, 2, 0, '“第三次分配”火了，国内越来越多富人热衷公益', '2021-12-03', 0);
INSERT INTO `log_video` VALUES (1284, 1, 0, '家族信托知多少：专家教你保护、传承和管理家庭财富', '2021-12-03', 0);
INSERT INTO `log_video` VALUES (1285, 2, 0, '家族信托知多少：专家教你保护、传承和管理家庭财富', '2021-12-03', 0);
INSERT INTO `log_video` VALUES (1286, 4, 0, '家族信托知多少：专家教你保护、传承和管理家庭财富', '2021-12-03', 0);
INSERT INTO `log_video` VALUES (1287, 2, 0, '家族信托知多少：专家教你保护、传承和管理家庭财富', '2021-12-03', 0);
INSERT INTO `log_video` VALUES (1288, 2, 0, '家族信托知多少：专家教你保护、传承和管理家庭财富', '2021-12-03', 0);
INSERT INTO `log_video` VALUES (1289, 2, 0, '我们该为养老做哪些准备', '2021-12-03', 0);
INSERT INTO `log_video` VALUES (1290, 2, 0, '家族信托知多少：专家教你保护、传承和管理家庭财富', '2021-12-03', 0);
INSERT INTO `log_video` VALUES (1291, 2, 0, '从资管新规出发，聊聊资产配置的那些事', '2021-12-03', 0);
INSERT INTO `log_video` VALUES (1292, 2, 0, '我们该为养老做哪些准备', '2021-12-03', 0);
INSERT INTO `log_video` VALUES (1293, 2, 0, '从资管新规出发，聊聊资产配置的那些事', '2021-12-03', 0);
INSERT INTO `log_video` VALUES (1294, 2, 0, '我们该为养老做哪些准备', '2021-12-13', 0);
INSERT INTO `log_video` VALUES (1295, 2, 0, '视频二', '2021-12-13', 0);
INSERT INTO `log_video` VALUES (1296, 2, 0, '“第三次分配”火了，国内越来越多富人热衷公益', '2021-12-14', 0);
INSERT INTO `log_video` VALUES (1297, 2, 0, '“第三次分配”火了，国内越来越多富人热衷公益', '2021-12-14', 0);
INSERT INTO `log_video` VALUES (1298, 2, 0, '我们该为养老做哪些准备', '2021-12-14', 0);
INSERT INTO `log_video` VALUES (1299, 2, 0, '我们该为养老做哪些准备', '2021-12-14', 0);
INSERT INTO `log_video` VALUES (1300, 2, 0, '我们该为养老做哪些准备', '2021-12-14', 0);
INSERT INTO `log_video` VALUES (1301, 2, 0, '家族信托知多少：专家教你保护、传承和管理家庭财富', '2021-12-14', 0);
INSERT INTO `log_video` VALUES (1302, 2, 0, '我们该为养老做哪些准备', '2021-12-14', 0);
INSERT INTO `log_video` VALUES (1303, 2, 0, '从资管新规出发，聊聊资产配置的那些事', '2021-12-14', 0);
INSERT INTO `log_video` VALUES (1304, 2, 0, '我们该为养老做哪些准备', '2021-12-14', 0);
INSERT INTO `log_video` VALUES (1305, 2, 0, '家族信托知多少：专家教你保护、传承和管理家庭财富', '2021-12-14', 0);
INSERT INTO `log_video` VALUES (1306, 2, 0, '家族信托知多少：专家教你保护、传承和管理家庭财富', '2021-12-14', 0);
INSERT INTO `log_video` VALUES (1307, 3, 0, '亿元保单频现背后，高净值人群配置保险用意何在？', '2021-12-14', 0);
INSERT INTO `log_video` VALUES (1308, 2, 0, '我们该为养老做哪些准备', '2021-12-14', 0);
INSERT INTO `log_video` VALUES (1309, 1, 0, '家族信托知多少：专家教你保护、传承和管理家庭财富', '2021-12-15', 0);
INSERT INTO `log_video` VALUES (1310, 5, 0, '家族信托知多少：专家教你保护、传承和管理家庭财富', '2021-12-15', 0);
INSERT INTO `log_video` VALUES (1311, 2, 0, '家族信托知多少：专家教你保护、传承和管理家庭财富', '2021-12-15', 0);
INSERT INTO `log_video` VALUES (1312, 2, 0, '我们该为养老做哪些准备', '2021-12-15', 0);
INSERT INTO `log_video` VALUES (1313, 2, 0, '家族信托知多少：专家教你保护、传承和管理家庭财富', '2021-12-15', 0);
INSERT INTO `log_video` VALUES (1314, 2, 0, '从资管新规出发，聊聊资产配置的那些事', '2021-12-15', 0);
INSERT INTO `log_video` VALUES (1315, 2, 0, '家族信托知多少：专家教你保护、传承和管理家庭财富', '2021-12-15', 0);
INSERT INTO `log_video` VALUES (1316, 2, 0, '家族信托知多少：专家教你保护、传承和管理家庭财富', '2021-12-15', 0);
INSERT INTO `log_video` VALUES (1317, 2, 0, '“第三次分配”火了，国内越来越多富人热衷公益', '2021-12-15', 0);
INSERT INTO `log_video` VALUES (1318, 2, 0, '家族信托知多少：专家教你保护、传承和管理家庭财富', '2021-12-15', 0);
INSERT INTO `log_video` VALUES (1319, 2, 0, '我们该为养老做哪些准备', '2021-12-15', 0);
INSERT INTO `log_video` VALUES (1320, 2, 0, '家族信托知多少：专家教你保护、传承和管理家庭财富', '2021-12-15', 0);
INSERT INTO `log_video` VALUES (1321, 4, 0, '家族信托知多少：专家教你保护、传承和管理家庭财富', '2021-12-15', 0);
INSERT INTO `log_video` VALUES (1322, 2, 0, '“第三次分配”火了，国内越来越多富人热衷公益', '2021-12-15', 0);
INSERT INTO `log_video` VALUES (1323, 2, 0, '家族信托知多少：专家教你保护、传承和管理家庭财富', '2021-12-15', 0);
INSERT INTO `log_video` VALUES (1324, 2, 0, '家族信托知多少：专家教你保护、传承和管理家庭财富', '2021-12-15', 0);
INSERT INTO `log_video` VALUES (1325, 2, 0, '我们该为养老做哪些准备', '2021-12-15', 0);
INSERT INTO `log_video` VALUES (1326, 2, 0, '我们该为养老做哪些准备', '2021-12-15', 0);
INSERT INTO `log_video` VALUES (1327, 2, 0, '我们该为养老做哪些准备', '2021-12-15', 0);
INSERT INTO `log_video` VALUES (1328, 2, 0, '我们该为养老做哪些准备', '2021-12-15', 0);
INSERT INTO `log_video` VALUES (1329, 4, 0, '我们该为养老做哪些准备', '2021-12-15', 0);
INSERT INTO `log_video` VALUES (1330, 2, 0, '我们该为养老做哪些准备', '2021-12-15', 0);
INSERT INTO `log_video` VALUES (1331, 2, 0, '我们该为养老做哪些准备', '2021-12-15', 0);
INSERT INTO `log_video` VALUES (1332, 2, 0, '家族信托知多少：专家教你保护、传承和管理家庭财富', '2021-12-15', 0);
INSERT INTO `log_video` VALUES (1333, 2, 0, '我们该为养老做哪些准备', '2021-12-15', 0);
INSERT INTO `log_video` VALUES (1334, 2, 0, '我们该为养老做哪些准备', '2021-12-15', 0);
INSERT INTO `log_video` VALUES (1335, 2, 0, '我们该为养老做哪些准备', '2021-12-15', 0);
INSERT INTO `log_video` VALUES (1336, 2, 0, '我们该为养老做哪些准备', '2021-12-15', 0);
INSERT INTO `log_video` VALUES (1337, 2, 0, '我们该为养老做哪些准备', '2021-12-15', 0);
INSERT INTO `log_video` VALUES (1338, 2, 0, '我们该为养老做哪些准备', '2021-12-15', 0);
INSERT INTO `log_video` VALUES (1339, 2, 0, '我们该为养老做哪些准备', '2021-12-15', 0);
INSERT INTO `log_video` VALUES (1340, 2, 0, '“第三次分配”火了，国内越来越多富人热衷公益', '2021-12-15', 0);
INSERT INTO `log_video` VALUES (1341, 2, 0, '“第三次分配”火了，国内越来越多富人热衷公益', '2021-12-15', 0);
INSERT INTO `log_video` VALUES (1342, 2, 0, '我们该为养老做哪些准备', '2021-12-16', 0);
INSERT INTO `log_video` VALUES (1343, 2, 0, '从资管新规出发，聊聊资产配置的那些事', '2021-12-16', 0);
INSERT INTO `log_video` VALUES (1344, 2, 0, '从资管新规出发，聊聊资产配置的那些事', '2021-12-16', 0);
INSERT INTO `log_video` VALUES (1345, 2, 0, '“第三次分配”火了，国内越来越多富人热衷公益', '2021-12-16', 0);
INSERT INTO `log_video` VALUES (1346, 2, 0, '家族信托知多少：专家教你保护、传承和管理家庭财富', '2021-12-16', 0);
INSERT INTO `log_video` VALUES (1347, 2, 0, '从资管新规出发，聊聊资产配置的那些事', '2021-12-16', 0);
INSERT INTO `log_video` VALUES (1348, 2, 0, '家族信托知多少：专家教你保护、传承和管理家庭财富', '2021-12-16', 0);
INSERT INTO `log_video` VALUES (1349, 2, 0, '“第三次分配”火了，国内越来越多富人热衷公益', '2021-12-16', 0);
INSERT INTO `log_video` VALUES (1350, 2, 0, '我们该为养老做哪些准备', '2021-12-16', 0);
INSERT INTO `log_video` VALUES (1351, 2, 0, '从资管新规出发，聊聊资产配置的那些事', '2021-12-16', 0);
INSERT INTO `log_video` VALUES (1352, 2, 0, '从资管新规出发，聊聊资产配置的那些事', '2021-12-16', 0);
INSERT INTO `log_video` VALUES (1353, 2, 0, '我们该为养老做哪些准备', '2021-12-16', 0);
INSERT INTO `log_video` VALUES (1354, 2, 0, '从资管新规出发，聊聊资产配置的那些事', '2021-12-16', 0);
INSERT INTO `log_video` VALUES (1355, 2, 0, '“第三次分配”火了，国内越来越多富人热衷公益', '2021-12-16', 0);
INSERT INTO `log_video` VALUES (1356, 1, 0, '“第三次分配”火了，国内越来越多富人热衷公益', '2021-12-16', 0);
INSERT INTO `log_video` VALUES (1357, 2, 0, '家族信托知多少：专家教你保护、传承和管理家庭财富', '2021-12-16', 0);
INSERT INTO `log_video` VALUES (1358, 2, 0, '家族信托知多少：专家教你保护、传承和管理家庭财富', '2021-12-16', 0);
INSERT INTO `log_video` VALUES (1359, 2, 0, '家族信托知多少：专家教你保护、传承和管理家庭财富', '2021-12-16', 0);
INSERT INTO `log_video` VALUES (1360, 2, 0, '家族信托知多少：专家教你保护、传承和管理家庭财富', '2021-12-16', 0);
INSERT INTO `log_video` VALUES (1361, 2, 0, '“第三次分配”火了，国内越来越多富人热衷公益', '2021-12-16', 0);
INSERT INTO `log_video` VALUES (1362, 2, 0, '从资管新规出发，聊聊资产配置的那些事', '2021-12-16', 0);
INSERT INTO `log_video` VALUES (1363, 2, 0, '从资管新规出发，聊聊资产配置的那些事', '2021-12-16', 0);
INSERT INTO `log_video` VALUES (1364, 2, 0, '从资管新规出发，聊聊资产配置的那些事', '2021-12-16', 0);
INSERT INTO `log_video` VALUES (1365, 2, 0, '从资管新规出发，聊聊资产配置的那些事', '2021-12-16', 0);
INSERT INTO `log_video` VALUES (1366, 2, 0, '从资管新规出发，聊聊资产配置的那些事', '2021-12-16', 0);
INSERT INTO `log_video` VALUES (1367, 2, 0, '从资管新规出发，聊聊资产配置的那些事', '2021-12-16', 0);
INSERT INTO `log_video` VALUES (1368, 2, 0, '从资管新规出发，聊聊资产配置的那些事', '2021-12-16', 0);
INSERT INTO `log_video` VALUES (1369, 2, 0, '从资管新规出发，聊聊资产配置的那些事', '2021-12-16', 0);
INSERT INTO `log_video` VALUES (1370, 2, 0, '从资管新规出发，聊聊资产配置的那些事', '2021-12-16', 0);
INSERT INTO `log_video` VALUES (1371, 2, 0, '从资管新规出发，聊聊资产配置的那些事', '2021-12-16', 0);
INSERT INTO `log_video` VALUES (1372, 2, 0, '从资管新规出发，聊聊资产配置的那些事', '2021-12-16', 0);
INSERT INTO `log_video` VALUES (1373, 2, 0, '从资管新规出发，聊聊资产配置的那些事', '2021-12-16', 0);
INSERT INTO `log_video` VALUES (1374, 2, 0, '从资管新规出发，聊聊资产配置的那些事', '2021-12-16', 0);
INSERT INTO `log_video` VALUES (1375, 2, 0, '从资管新规出发，聊聊资产配置的那些事', '2021-12-16', 0);
INSERT INTO `log_video` VALUES (1376, 2, 0, '从资管新规出发，聊聊资产配置的那些事', '2021-12-16', 0);
INSERT INTO `log_video` VALUES (1377, 2, 0, '从资管新规出发，聊聊资产配置的那些事', '2021-12-16', 0);
INSERT INTO `log_video` VALUES (1378, 2, 0, '从资管新规出发，聊聊资产配置的那些事', '2021-12-16', 0);
INSERT INTO `log_video` VALUES (1379, 2, 0, '从资管新规出发，聊聊资产配置的那些事', '2021-12-16', 0);
INSERT INTO `log_video` VALUES (1380, 2, 0, '从资管新规出发，聊聊资产配置的那些事', '2021-12-16', 0);
INSERT INTO `log_video` VALUES (1381, 4, 0, '从资管新规出发，聊聊资产配置的那些事', '2021-12-16', 0);
INSERT INTO `log_video` VALUES (1382, 2, 0, '从资管新规出发，聊聊资产配置的那些事', '2021-12-16', 0);
INSERT INTO `log_video` VALUES (1383, 2, 0, '从资管新规出发，聊聊资产配置的那些事', '2021-12-16', 0);
INSERT INTO `log_video` VALUES (1384, 2, 0, '亿元保单频现背后，高净值人群配置保险用意何在？', '2021-12-16', 0);
INSERT INTO `log_video` VALUES (1385, 2, 0, '从资管新规出发，聊聊资产配置的那些事', '2021-12-16', 0);
INSERT INTO `log_video` VALUES (1386, 2, 0, '从资管新规出发，聊聊资产配置的那些事', '2021-12-17', 0);
INSERT INTO `log_video` VALUES (1387, 2, 0, '“第三次分配”火了，国内越来越多富人热衷公益', '2021-12-17', 0);
INSERT INTO `log_video` VALUES (1388, 2, 0, '“第三次分配”火了，国内越来越多富人热衷公益', '2021-12-17', 0);
INSERT INTO `log_video` VALUES (1389, 2, 0, '从资管新规出发，聊聊资产配置的那些事', '2021-12-17', 0);
INSERT INTO `log_video` VALUES (1390, 4, 0, '家族信托知多少：专家教你保护、传承和管理家庭财富', '2021-12-17', 0);
INSERT INTO `log_video` VALUES (1391, 2, 0, '从资管新规出发，聊聊资产配置的那些事', '2021-12-17', 0);
INSERT INTO `log_video` VALUES (1392, 2, 0, '家族信托知多少：专家教你保护、传承和管理家庭财富', '2021-12-17', 0);
INSERT INTO `log_video` VALUES (1393, 2, 0, '家族信托知多少：专家教你保护、传承和管理家庭财富', '2021-12-17', 0);
INSERT INTO `log_video` VALUES (1394, 2, 0, '家族信托知多少：专家教你保护、传承和管理家庭财富', '2021-12-17', 0);
INSERT INTO `log_video` VALUES (1395, 2, 0, '家族信托知多少：专家教你保护、传承和管理家庭财富', '2021-12-17', 0);
INSERT INTO `log_video` VALUES (1396, 1, 0, '家族信托知多少：专家教你保护、传承和管理家庭财富', '2021-12-17', 0);
INSERT INTO `log_video` VALUES (1397, 2, 0, '家族信托知多少：专家教你保护、传承和管理家庭财富', '2021-12-17', 0);
INSERT INTO `log_video` VALUES (1398, 1, 0, '视频二', '2021-12-17', 0);
INSERT INTO `log_video` VALUES (1399, 2, 0, '视频二', '2021-12-17', 0);
INSERT INTO `log_video` VALUES (1400, 2, 0, '家族信托知多少：专家教你保护、传承和管理家庭财富', '2021-12-17', 0);
INSERT INTO `log_video` VALUES (1401, 2, 0, '从资管新规出发，聊聊资产配置的那些事', '2021-12-17', 0);
INSERT INTO `log_video` VALUES (1402, 2, 0, '家族信托知多少：专家教你保护、传承和管理家庭财富', '2021-12-17', 0);
INSERT INTO `log_video` VALUES (1403, 3, 0, '家族信托知多少：专家教你保护、传承和管理家庭财富', '2021-12-17', 0);
INSERT INTO `log_video` VALUES (1404, 2, 0, '家族信托知多少：专家教你保护、传承和管理家庭财富', '2021-12-17', 0);
INSERT INTO `log_video` VALUES (1405, 2, 0, '视频二', '2021-12-17', 0);
INSERT INTO `log_video` VALUES (1406, 2, 0, '家族信托知多少：专家教你保护、传承和管理家庭财富', '2021-12-17', 0);
INSERT INTO `log_video` VALUES (1407, 2, 0, '家族信托知多少：专家教你保护、传承和管理家庭财富', '2021-12-17', 0);
INSERT INTO `log_video` VALUES (1408, 2, 0, '家族信托知多少：专家教你保护、传承和管理家庭财富', '2021-12-17', 0);
INSERT INTO `log_video` VALUES (1409, 2, 0, '亿元保单频现背后，高净值人群配置保险用意何在？', '2021-12-17', 0);
INSERT INTO `log_video` VALUES (1410, 2, 0, '家族信托知多少：专家教你保护、传承和管理家庭财富', '2021-12-17', 0);
INSERT INTO `log_video` VALUES (1411, 2, 0, '亿元保单频现背后，高净值人群配置保险用意何在？', '2021-12-17', 0);
INSERT INTO `log_video` VALUES (1412, 2, 0, '从资管新规出发，聊聊资产配置的那些事', '2021-12-17', 0);
INSERT INTO `log_video` VALUES (1413, 2, 0, '从资管新规出发，聊聊资产配置的那些事', '2021-12-17', 0);
INSERT INTO `log_video` VALUES (1414, 2, 0, '从资管新规出发，聊聊资产配置的那些事', '2021-12-17', 0);
INSERT INTO `log_video` VALUES (1415, 2, 0, '亿元保单频现背后，高净值人群配置保险用意何在？', '2021-12-17', 0);
INSERT INTO `log_video` VALUES (1416, 2, 0, '从资管新规出发，聊聊资产配置的那些事', '2021-12-17', 0);
INSERT INTO `log_video` VALUES (1417, 2, 0, '从资管新规出发，聊聊资产配置的那些事', '2021-12-17', 0);
INSERT INTO `log_video` VALUES (1418, 2, 0, '资产配置方法论-划分资金体量和需求层级', '2021-12-17', 0);
INSERT INTO `log_video` VALUES (1419, 2, 0, '从资管新规出发，聊聊资产配置的那些事', '2021-12-17', 0);
INSERT INTO `log_video` VALUES (1420, 2, 0, '现金以外，境内家族信托还能装什么？', '2021-12-17', 0);
INSERT INTO `log_video` VALUES (1421, 1, 0, '从资管新规出发，聊聊资产配置的那些事', '2021-12-17', 0);
INSERT INTO `log_video` VALUES (1422, 1, 0, '从资管新规出发，聊聊资产配置的那些事', '2021-12-17', 0);
INSERT INTO `log_video` VALUES (1423, 2, 0, '慈善=捐赠？一起探秘慈善公益能做哪些事', '2021-12-17', 0);
INSERT INTO `log_video` VALUES (1424, 2, 0, '从资管新规出发，聊聊资产配置的那些事', '2021-12-17', 0);
INSERT INTO `log_video` VALUES (1425, 2, 0, '从资管新规出发，聊聊资产配置的那些事', '2021-12-17', 0);
INSERT INTO `log_video` VALUES (1426, 2, 0, '从资管新规出发，聊聊资产配置的那些事', '2021-12-17', 0);
INSERT INTO `log_video` VALUES (1427, 2, 0, '慈善=捐赠？一起探秘慈善公益能做哪些事', '2021-12-17', 0);
INSERT INTO `log_video` VALUES (1428, 1, 0, '慈善=捐赠？一起探秘慈善公益能做哪些事', '2021-12-17', 0);
INSERT INTO `log_video` VALUES (1429, 2, 0, '从资管新规出发，聊聊资产配置的那些事', '2021-12-17', 0);
INSERT INTO `log_video` VALUES (1430, 2, 0, '慈善=捐赠？一起探秘慈善公益能做哪些事', '2021-12-17', 0);
INSERT INTO `log_video` VALUES (1431, 2, 0, '从资管新规出发，聊聊资产配置的那些事', '2021-12-18', 0);
INSERT INTO `log_video` VALUES (1432, 2, 0, '从资管新规出发，聊聊资产配置的那些事', '2021-12-18', 0);
INSERT INTO `log_video` VALUES (1433, 2, 0, '资产配置方法论-划分资金体量和需求层级', '2021-12-19', 0);
INSERT INTO `log_video` VALUES (1434, 2, 0, '资产配置方法论-划分资金体量和需求层级', '2021-12-19', 0);
INSERT INTO `log_video` VALUES (1435, 2, 0, '资产配置方法论-划分资金体量和需求层级', '2021-12-19', 0);
INSERT INTO `log_video` VALUES (1436, 2, 0, '资产配置方法论-划分资金体量和需求层级', '2021-12-19', 0);
INSERT INTO `log_video` VALUES (1437, 2, 0, '资产配置方法论-划分资金体量和需求层级', '2021-12-19', 0);
INSERT INTO `log_video` VALUES (1438, 2, 0, '资产配置方法论-划分资金体量和需求层级', '2021-12-19', 0);
INSERT INTO `log_video` VALUES (1439, 2, 0, '资产配置方法论-划分资金体量和需求层级', '2021-12-19', 0);
INSERT INTO `log_video` VALUES (1440, 2, 0, '资产配置方法论-划分资金体量和需求层级', '2021-12-19', 0);
INSERT INTO `log_video` VALUES (1441, 2, 0, '资产配置方法论-划分资金体量和需求层级', '2021-12-19', 0);
INSERT INTO `log_video` VALUES (1442, 2, 0, '资产配置方法论-划分资金体量和需求层级', '2021-12-19', 0);
INSERT INTO `log_video` VALUES (1443, 2, 0, '资产配置方法论-划分资金体量和需求层级', '2021-12-19', 0);
INSERT INTO `log_video` VALUES (1444, 2, 0, '资产配置方法论-划分资金体量和需求层级', '2021-12-19', 0);
INSERT INTO `log_video` VALUES (1445, 2, 0, '资产配置方法论-划分资金体量和需求层级', '2021-12-19', 0);
INSERT INTO `log_video` VALUES (1446, 2, 0, '资产配置方法论-划分资金体量和需求层级', '2021-12-19', 0);
INSERT INTO `log_video` VALUES (1447, 2, 0, '资产配置方法论-划分资金体量和需求层级', '2021-12-19', 0);
INSERT INTO `log_video` VALUES (1448, 2, 0, '资产配置方法论-划分资金体量和需求层级', '2021-12-19', 0);
INSERT INTO `log_video` VALUES (1449, 2, 0, '资产配置方法论-划分资金体量和需求层级', '2021-12-19', 0);
INSERT INTO `log_video` VALUES (1450, 2, 0, '资产配置方法论-划分资金体量和需求层级', '2021-12-19', 0);
INSERT INTO `log_video` VALUES (1451, 2, 0, '资产配置方法论-划分资金体量和需求层级', '2021-12-19', 0);
INSERT INTO `log_video` VALUES (1452, 2, 0, '资产配置方法论-划分资金体量和需求层级', '2021-12-19', 0);
INSERT INTO `log_video` VALUES (1453, 2, 0, '资产配置方法论-划分资金体量和需求层级', '2021-12-19', 0);
INSERT INTO `log_video` VALUES (1454, 2, 0, '资产配置方法论-划分资金体量和需求层级', '2021-12-19', 0);
INSERT INTO `log_video` VALUES (1455, 2, 0, '资产配置方法论-划分资金体量和需求层级', '2021-12-19', 0);
INSERT INTO `log_video` VALUES (1456, 2, 0, '资产配置方法论-划分资金体量和需求层级', '2021-12-19', 0);
INSERT INTO `log_video` VALUES (1457, 2, 0, '资产配置方法论-划分资金体量和需求层级', '2021-12-19', 0);
INSERT INTO `log_video` VALUES (1458, 2, 0, '资产配置方法论-划分资金体量和需求层级', '2021-12-19', 0);
INSERT INTO `log_video` VALUES (1459, 2, 0, '资产配置方法论-划分资金体量和需求层级', '2021-12-19', 0);
INSERT INTO `log_video` VALUES (1460, 2, 0, '资产配置方法论-划分资金体量和需求层级', '2021-12-19', 0);
INSERT INTO `log_video` VALUES (1461, 2, 0, '资产配置方法论-划分资金体量和需求层级', '2021-12-19', 0);
INSERT INTO `log_video` VALUES (1462, 2, 0, '资产配置方法论-划分资金体量和需求层级', '2021-12-19', 0);
INSERT INTO `log_video` VALUES (1463, 2, 0, '资产配置方法论-划分资金体量和需求层级', '2021-12-19', 0);
INSERT INTO `log_video` VALUES (1464, 2, 0, '从资管新规出发，聊聊资产配置的那些事', '2021-12-19', 0);
INSERT INTO `log_video` VALUES (1465, 2, 0, '从资管新规出发，聊聊资产配置的那些事', '2021-12-20', 0);
INSERT INTO `log_video` VALUES (1466, 2, 0, '从资管新规出发，聊聊资产配置的那些事', '2021-12-20', 0);
INSERT INTO `log_video` VALUES (1467, 2, 0, '资产配置方法论-把科学模型用“活”', '2021-12-20', 0);
INSERT INTO `log_video` VALUES (1468, 2, 0, '资产配置方法论-划分资金体量和需求层级', '2021-12-20', 0);
INSERT INTO `log_video` VALUES (1469, 2, 0, '从资管新规出发，聊聊资产配置的那些事', '2021-12-20', 0);
INSERT INTO `log_video` VALUES (1470, 2, 0, '从资管新规出发，聊聊资产配置的那些事', '2021-12-20', 0);
INSERT INTO `log_video` VALUES (1471, 2, 0, '资产配置方法论-把科学模型用“活”', '2021-12-20', 0);
INSERT INTO `log_video` VALUES (1472, 2, 0, '资产配置≠产品组合，聊聊资产配置的那些事', '2021-12-20', 0);
INSERT INTO `log_video` VALUES (1473, 2, 0, '资产配置方法论-把科学模型用“活”', '2021-12-20', 0);
INSERT INTO `log_video` VALUES (1474, 2, 0, '从资管新规出发，聊聊资产配置的那些事', '2021-12-20', 0);
INSERT INTO `log_video` VALUES (1475, 1, 0, '视频二', '2021-12-20', 0);
INSERT INTO `log_video` VALUES (1476, 2, 0, '资产配置≠产品组合，聊聊资产配置的那些事', '2021-12-20', 0);
INSERT INTO `log_video` VALUES (1477, 2, 0, '从资管新规出发，聊聊资产配置的那些事', '2021-12-20', 0);
INSERT INTO `log_video` VALUES (1478, 2, 0, '从资管新规出发，聊聊资产配置的那些事', '2021-12-20', 0);
INSERT INTO `log_video` VALUES (1479, 2, 0, '从资管新规出发，聊聊资产配置的那些事', '2021-12-20', 0);
INSERT INTO `log_video` VALUES (1480, 2, 0, '资产配置方法论-划分资金体量和需求层级', '2021-12-20', 0);
INSERT INTO `log_video` VALUES (1481, 2, 0, '从资管新规出发，聊聊资产配置的那些事', '2021-12-20', 0);
INSERT INTO `log_video` VALUES (1482, 2, 0, '从资管新规出发，聊聊资产配置的那些事', '2021-12-20', 0);
INSERT INTO `log_video` VALUES (1483, 2, 0, '从资管新规出发，聊聊资产配置的那些事', '2021-12-20', 0);
INSERT INTO `log_video` VALUES (1484, 2, 0, '从资管新规出发，聊聊资产配置的那些事', '2021-12-20', 0);
INSERT INTO `log_video` VALUES (1485, 2, 0, '从资管新规出发，聊聊资产配置的那些事', '2021-12-20', 0);
INSERT INTO `log_video` VALUES (1486, 2, 0, '从资管新规出发，聊聊资产配置的那些事', '2021-12-20', 0);
INSERT INTO `log_video` VALUES (1487, 2, 0, '从资管新规出发，聊聊资产配置的那些事', '2021-12-20', 0);
INSERT INTO `log_video` VALUES (1488, 2, 0, '从资管新规出发，聊聊资产配置的那些事', '2021-12-20', 0);
INSERT INTO `log_video` VALUES (1489, 2, 0, '从资管新规出发，聊聊资产配置的那些事', '2021-12-20', 0);
INSERT INTO `log_video` VALUES (1490, 2, 0, '从资管新规出发，聊聊资产配置的那些事', '2021-12-20', 0);
INSERT INTO `log_video` VALUES (1491, 2, 0, '从资管新规出发，聊聊资产配置的那些事', '2021-12-20', 0);
INSERT INTO `log_video` VALUES (1492, 4, 0, '从资管新规出发，聊聊资产配置的那些事', '2021-12-20', 0);
INSERT INTO `log_video` VALUES (1493, 2, 0, '资产配置方法论-把科学模型用“活”', '2021-12-20', 0);
INSERT INTO `log_video` VALUES (1494, 2, 0, '资产配置方法论-把科学模型用“活”', '2021-12-20', 0);
INSERT INTO `log_video` VALUES (1495, 2, 0, '资产配置方法论-把科学模型用“活”', '2021-12-20', 0);
INSERT INTO `log_video` VALUES (1496, 3, 0, '从资管新规出发，聊聊资产配置的那些事', '2021-12-20', 0);
INSERT INTO `log_video` VALUES (1497, 1, 0, '资产配置方法论-把科学模型用“活”', '2021-12-20', 0);
INSERT INTO `log_video` VALUES (1498, 2, 0, '从资管新规出发，聊聊资产配置的那些事', '2021-12-20', 0);
INSERT INTO `log_video` VALUES (1499, 2, 0, '从资管新规出发，聊聊资产配置的那些事', '2021-12-20', 0);
INSERT INTO `log_video` VALUES (1500, 2, 0, '从资管新规出发，聊聊资产配置的那些事', '2021-12-20', 0);
INSERT INTO `log_video` VALUES (1501, 2, 0, '从资管新规出发，聊聊资产配置的那些事', '2021-12-20', 0);
INSERT INTO `log_video` VALUES (1502, 2, 0, '资产配置≠产品组合，聊聊资产配置的那些事', '2021-12-20', 0);
INSERT INTO `log_video` VALUES (1503, 2, 0, '资产配置≠产品组合，聊聊资产配置的那些事', '2021-12-20', 0);
INSERT INTO `log_video` VALUES (1504, 2, 0, '资产配置≠产品组合，聊聊资产配置的那些事', '2021-12-20', 0);
INSERT INTO `log_video` VALUES (1505, 2, 0, '从资管新规出发，聊聊资产配置的那些事', '2021-12-20', 0);
INSERT INTO `log_video` VALUES (1506, 2, 0, '资产配置≠产品组合，聊聊资产配置的那些事', '2021-12-20', 0);
INSERT INTO `log_video` VALUES (1507, 2, 0, '从资管新规出发，聊聊资产配置的那些事', '2021-12-20', 0);
INSERT INTO `log_video` VALUES (1508, 2, 0, '从资管新规出发，聊聊资产配置的那些事', '2021-12-20', 0);
INSERT INTO `log_video` VALUES (1509, 2, 0, '资产配置≠产品组合，聊聊资产配置的那些事', '2021-12-20', 0);
INSERT INTO `log_video` VALUES (1510, 2, 0, '资产配置方法论-划分资金体量和需求层级', '2021-12-20', 0);
INSERT INTO `log_video` VALUES (1511, 2, 0, '资产配置方法论-把科学模型用“活”', '2021-12-20', 0);
INSERT INTO `log_video` VALUES (1512, 2, 0, '从资管新规出发，聊聊资产配置的那些事', '2021-12-20', 0);
INSERT INTO `log_video` VALUES (1513, 2, 0, '从资管新规出发，聊聊资产配置的那些事', '2021-12-20', 0);
INSERT INTO `log_video` VALUES (1514, 2, 0, '从资管新规出发，聊聊资产配置的那些事', '2021-12-20', 0);
INSERT INTO `log_video` VALUES (1515, 2, 0, '资产配置≠产品组合，聊聊资产配置的那些事', '2021-12-20', 0);
INSERT INTO `log_video` VALUES (1516, 2, 0, '从资管新规出发，聊聊资产配置的那些事', '2021-12-20', 0);
INSERT INTO `log_video` VALUES (1517, 2, 0, '从资管新规出发，聊聊资产配置的那些事', '2021-12-20', 0);
INSERT INTO `log_video` VALUES (1518, 3, 0, '资产配置方法论-划分资金体量和需求层级', '2021-12-20', 0);
INSERT INTO `log_video` VALUES (1519, 2, 0, '资产配置方法论-把科学模型用“活”', '2021-12-20', 0);
INSERT INTO `log_video` VALUES (1520, 2, 0, '从资管新规出发，聊聊资产配置的那些事', '2021-12-21', 0);
INSERT INTO `log_video` VALUES (1521, 2, 0, '从资管新规出发，聊聊资产配置的那些事', '2021-12-21', 0);
INSERT INTO `log_video` VALUES (1522, 2, 0, '从资管新规出发，聊聊资产配置的那些事', '2021-12-21', 0);
INSERT INTO `log_video` VALUES (1523, 2, 0, '从资管新规出发，聊聊资产配置的那些事', '2021-12-21', 0);
INSERT INTO `log_video` VALUES (1524, 2, 0, '从资管新规出发，聊聊资产配置的那些事', '2021-12-21', 0);
INSERT INTO `log_video` VALUES (1525, 2, 0, '从资管新规出发，聊聊资产配置的那些事', '2021-12-21', 0);
INSERT INTO `log_video` VALUES (1526, 2, 0, '从资管新规出发，聊聊资产配置的那些事', '2021-12-21', 0);
INSERT INTO `log_video` VALUES (1527, 2, 0, '资产配置≠产品组合，聊聊资产配置的那些事', '2021-12-21', 0);
INSERT INTO `log_video` VALUES (1528, 2, 0, '资产配置方法论-把科学模型用“活”', '2021-12-21', 0);
INSERT INTO `log_video` VALUES (1529, 2, 0, '资产配置方法论-划分资金体量和需求层级', '2021-12-21', 0);
INSERT INTO `log_video` VALUES (1530, 2, 0, '从资管新规出发，聊聊资产配置的那些事', '2021-12-21', 0);
INSERT INTO `log_video` VALUES (1531, 2, 0, '从资管新规出发，聊聊资产配置的那些事', '2021-12-21', 0);
INSERT INTO `log_video` VALUES (1532, 2, 0, '从资管新规出发，聊聊资产配置的那些事', '2021-12-21', 0);
INSERT INTO `log_video` VALUES (1533, 2, 0, '从资管新规出发，聊聊资产配置的那些事', '2021-12-21', 0);
INSERT INTO `log_video` VALUES (1534, 2, 0, '从资管新规出发，聊聊资产配置的那些事', '2021-12-21', 0);
INSERT INTO `log_video` VALUES (1535, 2, 0, '从资管新规出发，聊聊资产配置的那些事', '2021-12-21', 0);
INSERT INTO `log_video` VALUES (1536, 2, 0, '从资管新规出发，聊聊资产配置的那些事', '2021-12-21', 0);
INSERT INTO `log_video` VALUES (1537, 2, 0, '从资管新规出发，聊聊资产配置的那些事', '2021-12-21', 0);
INSERT INTO `log_video` VALUES (1538, 2, 0, '从资管新规出发，聊聊资产配置的那些事', '2021-12-21', 0);
INSERT INTO `log_video` VALUES (1539, 2, 0, '从资管新规出发，聊聊资产配置的那些事', '2021-12-21', 0);
INSERT INTO `log_video` VALUES (1540, 2, 0, '从资管新规出发，聊聊资产配置的那些事', '2021-12-21', 0);
INSERT INTO `log_video` VALUES (1541, 2, 0, '资产配置≠产品组合，聊聊资产配置的那些事', '2021-12-21', 0);
INSERT INTO `log_video` VALUES (1542, 2, 0, '资产配置≠产品组合，聊聊资产配置的那些事', '2021-12-21', 0);
INSERT INTO `log_video` VALUES (1543, 2, 0, '从资管新规出发，聊聊资产配置的那些事', '2021-12-22', 0);
INSERT INTO `log_video` VALUES (1544, 2, 0, '从资管新规出发，聊聊资产配置的那些事', '2021-12-22', 0);
INSERT INTO `log_video` VALUES (1545, 3, 0, '资产配置方法论-划分资金体量和需求层级', '2021-12-24', 0);
INSERT INTO `log_video` VALUES (1546, 2, 0, '从资管新规出发，聊聊资产配置的那些事', '2021-12-27', 0);
INSERT INTO `log_video` VALUES (1547, 2, 0, '资产配置方法论-划分资金体量和需求层级', '2021-12-27', 0);
INSERT INTO `log_video` VALUES (1548, 2, 0, '从资管新规出发，聊聊资产配置的那些事', '2021-12-27', 0);
INSERT INTO `log_video` VALUES (1549, 2, 0, '资产配置≠产品组合，聊聊资产配置的那些事', '2021-12-27', 0);
INSERT INTO `log_video` VALUES (1550, 2, 0, '从资管新规出发，聊聊资产配置的那些事', '2021-12-27', 0);
INSERT INTO `log_video` VALUES (1551, 2, 0, '资产配置方法论-划分资金体量和需求层级', '2021-12-27', 0);
INSERT INTO `log_video` VALUES (1552, 2, 0, '资产配置方法论-划分资金体量和需求层级', '2021-12-28', 0);
INSERT INTO `log_video` VALUES (1553, 2, 0, '资产配置≠产品组合，聊聊资产配置的那些事', '2021-12-29', 0);
INSERT INTO `log_video` VALUES (1554, 2, 0, '从资管新规出发，聊聊资产配置的那些事', '2021-12-29', 0);
INSERT INTO `log_video` VALUES (1555, 2, 0, '从资管新规出发，聊聊资产配置的那些事', '2021-12-29', 0);
INSERT INTO `log_video` VALUES (1556, 2, 0, '从资管新规出发，聊聊资产配置的那些事', '2021-12-29', 0);
INSERT INTO `log_video` VALUES (1557, 4, 0, '从资管新规出发，聊聊资产配置的那些事', '2021-12-29', 0);
INSERT INTO `log_video` VALUES (1558, 2, 0, '从资管新规出发，聊聊资产配置的那些事', '2021-12-29', 0);
INSERT INTO `log_video` VALUES (1559, 2, 0, '资产配置≠产品组合，聊聊资产配置的那些事', '2021-12-29', 0);
INSERT INTO `log_video` VALUES (1560, 2, 0, '从资管新规出发，聊聊资产配置的那些事', '2021-12-29', 0);
INSERT INTO `log_video` VALUES (1561, 2, 0, '从资管新规出发，聊聊资产配置的那些事', '2021-12-29', 0);
INSERT INTO `log_video` VALUES (1562, 2, 0, '资产配置方法论-把科学模型用“活”', '2021-12-30', 0);
INSERT INTO `log_video` VALUES (1563, 2, 0, '从资管新规出发，聊聊资产配置的那些事', '2021-12-30', 0);
INSERT INTO `log_video` VALUES (1564, 2, 0, '从资管新规出发，聊聊资产配置的那些事', '2021-12-30', 0);
INSERT INTO `log_video` VALUES (1565, 2, 0, '资产配置≠产品组合，聊聊资产配置的那些事', '2021-12-30', 0);
INSERT INTO `log_video` VALUES (1566, 2, 0, '从资管新规出发，聊聊资产配置的那些事', '2021-12-30', 0);
INSERT INTO `log_video` VALUES (1567, 2, 0, '资产配置≠产品组合，聊聊资产配置的那些事', '2021-12-30', 0);
INSERT INTO `log_video` VALUES (1568, 2, 0, '从资管新规出发，聊聊资产配置的那些事', '2021-12-30', 0);
INSERT INTO `log_video` VALUES (1569, 2, 0, '从资管新规出发，聊聊资产配置的那些事', '2021-12-30', 0);
INSERT INTO `log_video` VALUES (1570, 2, 0, '从资管新规出发，聊聊资产配置的那些事', '2021-12-31', 0);
INSERT INTO `log_video` VALUES (1571, 2, 0, '从资管新规出发，聊聊资产配置的那些事', '2021-12-31', 0);
INSERT INTO `log_video` VALUES (1572, 2, 0, '从资管新规出发，聊聊资产配置的那些事', '2021-12-31', 0);
INSERT INTO `log_video` VALUES (1573, 2, 0, '资产配置方法论-把科学模型用“活”', '2021-12-31', 0);
INSERT INTO `log_video` VALUES (1574, 2, 0, '资产配置≠产品组合，聊聊资产配置的那些事', '2021-12-31', 0);
INSERT INTO `log_video` VALUES (1575, 2, 0, '从资管新规出发，聊聊资产配置的那些事', '2021-12-31', 0);
INSERT INTO `log_video` VALUES (1576, 2, 0, '资产配置方法论-划分资金体量和需求层级', '2021-12-31', 0);
INSERT INTO `log_video` VALUES (1577, 2, 0, '资产配置≠产品组合', '2021-12-31', 0);
INSERT INTO `log_video` VALUES (1578, 2, 0, '从资管新规出发，聊聊资产配置的那些事', '2021-12-31', 0);
INSERT INTO `log_video` VALUES (1579, 2, 0, '资产配置≠产品组合', '2021-12-31', 0);
INSERT INTO `log_video` VALUES (1580, 2, 0, '从资管新规出发，聊聊资产配置的那些事', '2021-12-31', 0);
INSERT INTO `log_video` VALUES (1581, 1, 0, '从资管新规出发，聊聊资产配置的那些事', '2021-12-31', 0);
INSERT INTO `log_video` VALUES (1582, 2, 0, '从资管新规出发，聊聊资产配置的那些事', '2021-12-31', 0);
INSERT INTO `log_video` VALUES (1583, 2, 0, '从资管新规出发，聊聊资产配置的那些事', '2021-12-31', 0);
INSERT INTO `log_video` VALUES (1584, 2, 0, '从资管新规出发，聊聊资产配置的那些事', '2021-12-31', 0);
INSERT INTO `log_video` VALUES (1585, 2, 0, '从资管新规出发，聊聊资产配置的那些事', '2021-12-31', 0);
INSERT INTO `log_video` VALUES (1586, 2, 0, '从资管新规出发，聊聊资产配置的那些事', '2021-12-31', 0);
INSERT INTO `log_video` VALUES (1587, 2, 0, '从资管新规出发，聊聊资产配置的那些事', '2021-12-31', 0);
INSERT INTO `log_video` VALUES (1588, 2, 0, '从资管新规出发，聊聊资产配置的那些事', '2021-12-31', 0);
INSERT INTO `log_video` VALUES (1589, 2, 0, '从资管新规出发，聊聊资产配置的那些事', '2021-12-31', 0);
INSERT INTO `log_video` VALUES (1590, 2, 0, '从资管新规出发，聊聊资产配置的那些事', '2021-12-31', 0);
INSERT INTO `log_video` VALUES (1591, 2, 0, '从资管新规出发，聊聊资产配置的那些事', '2021-12-31', 0);
INSERT INTO `log_video` VALUES (1592, 2, 0, '从资管新规出发，聊聊资产配置的那些事', '2021-12-31', 0);
INSERT INTO `log_video` VALUES (1593, 2, 0, '从资管新规出发，聊聊资产配置的那些事', '2021-12-31', 0);
INSERT INTO `log_video` VALUES (1594, 2, 0, '从资管新规出发，聊聊资产配置的那些事', '2021-12-31', 0);
INSERT INTO `log_video` VALUES (1595, 2, 0, '从资管新规出发，聊聊资产配置的那些事', '2021-12-31', 0);
INSERT INTO `log_video` VALUES (1596, 2, 0, '资产配置≠产品组合', '2021-12-31', 0);
INSERT INTO `log_video` VALUES (1597, 2, 0, '资产配置≠产品组合', '2021-12-31', 0);
INSERT INTO `log_video` VALUES (1598, 2, 0, '资产配置≠产品组合', '2021-12-31', 0);
INSERT INTO `log_video` VALUES (1599, 1, 0, '资产配置≠产品组合', '2021-12-31', 0);
INSERT INTO `log_video` VALUES (1600, 2, 0, '从资管新规出发，聊聊资产配置的那些事', '2021-12-31', 0);
INSERT INTO `log_video` VALUES (1601, 2, 0, '从资管新规出发，聊聊资产配置的那些事', '2021-12-31', 0);
INSERT INTO `log_video` VALUES (1602, 2, 0, '从资管新规出发，聊聊资产配置的那些事', '2021-12-31', 0);
INSERT INTO `log_video` VALUES (1603, 2, 0, '资产配置≠产品组合', '2021-12-31', 0);
INSERT INTO `log_video` VALUES (1604, 2, 0, '资产配置≠产品组合', '2021-12-31', 0);
INSERT INTO `log_video` VALUES (1605, 2, 0, '资产配置方法论-划分资金体量和需求层级', '2021-12-31', 0);
INSERT INTO `log_video` VALUES (1606, 2, 0, '从资管新规出发，聊聊资产配置的那些事', '2021-12-31', 0);
INSERT INTO `log_video` VALUES (1607, 2, 0, '资产配置≠产品组合', '2021-12-31', 0);
INSERT INTO `log_video` VALUES (1608, 2, 0, '从资管新规出发，聊聊资产配置的那些事', '2021-12-31', 0);
INSERT INTO `log_video` VALUES (1609, 2, 0, '资产配置方法论-划分资金体量和需求层级', '2021-12-31', 0);
INSERT INTO `log_video` VALUES (1610, 2, 0, '资产配置方法论-把科学模型用“活”', '2021-12-31', 0);
INSERT INTO `log_video` VALUES (1611, 2, 0, '从资管新规出发，聊聊资产配置的那些事', '2021-12-31', 0);
INSERT INTO `log_video` VALUES (1612, 2, 0, '资产配置≠产品组合', '2021-12-31', 0);
INSERT INTO `log_video` VALUES (1613, 2, 0, '资产配置方法论-划分资金体量和需求层级', '2021-12-31', 0);
INSERT INTO `log_video` VALUES (1614, 2, 0, '从资管新规出发，聊聊资产配置的那些事', '2021-12-31', 0);
INSERT INTO `log_video` VALUES (1615, 2, 0, '从资管新规出发，聊聊资产配置的那些事', '2021-12-31', 0);
INSERT INTO `log_video` VALUES (1616, 1, 0, '资产配置方法论-把科学模型用“活”', '2021-12-31', 0);
INSERT INTO `log_video` VALUES (1617, 2, 0, '资产配置方法论-把科学模型用“活”', '2021-12-31', 0);
INSERT INTO `log_video` VALUES (1618, 2, 0, '从资管新规出发，聊聊资产配置的那些事', '2021-12-31', 0);
INSERT INTO `log_video` VALUES (1619, 2, 0, '资产配置≠产品组合', '2021-12-31', 0);
INSERT INTO `log_video` VALUES (1620, 2, 0, '从资管新规出发，聊聊资产配置的那些事', '2021-12-31', 0);
INSERT INTO `log_video` VALUES (1621, 2, 0, '资产配置方法论-划分资金体量和需求层级', '2021-12-31', 0);
INSERT INTO `log_video` VALUES (1622, 2, 0, '资产配置≠产品组合', '2021-12-31', 0);
INSERT INTO `log_video` VALUES (1623, 1, 0, '资产配置方法论-把科学模型用“活”', '2021-12-31', 0);
INSERT INTO `log_video` VALUES (1624, 2, 0, '资产配置方法论-把科学模型用“活”', '2021-12-31', 0);
INSERT INTO `log_video` VALUES (1625, 1, 0, '资产配置方法论-把科学模型用“活”', '2021-12-31', 0);
INSERT INTO `log_video` VALUES (1626, 1, 0, '资产配置方法论-把科学模型用“活”', '2021-12-31', 0);
INSERT INTO `log_video` VALUES (1627, 1, 0, '资产配置方法论-把科学模型用“活”', '2021-12-31', 0);
INSERT INTO `log_video` VALUES (1628, 1, 0, '资产配置方法论-把科学模型用“活”', '2021-12-31', 0);
INSERT INTO `log_video` VALUES (1629, 1, 0, '资产配置方法论-把科学模型用“活”', '2021-12-31', 0);
INSERT INTO `log_video` VALUES (1630, 1, 0, '资产配置方法论-把科学模型用“活”', '2021-12-31', 0);
INSERT INTO `log_video` VALUES (1631, 1, 0, '资产配置方法论-把科学模型用“活”', '2021-12-31', 0);
INSERT INTO `log_video` VALUES (1632, 1, 0, '资产配置方法论-把科学模型用“活”', '2021-12-31', 0);
INSERT INTO `log_video` VALUES (1633, 1, 0, '资产配置方法论-把科学模型用“活”', '2021-12-31', 0);
INSERT INTO `log_video` VALUES (1634, 1, 0, '资产配置方法论-把科学模型用“活”', '2021-12-31', 0);
INSERT INTO `log_video` VALUES (1635, 1, 0, '资产配置方法论-把科学模型用“活”', '2021-12-31', 0);
INSERT INTO `log_video` VALUES (1636, 1, 0, '资产配置方法论-把科学模型用“活”', '2021-12-31', 0);
INSERT INTO `log_video` VALUES (1637, 3, 0, '资产配置≠产品组合', '2021-12-31', 0);
INSERT INTO `log_video` VALUES (1638, 3, 0, '从资管新规出发，聊聊资产配置的那些事', '2021-12-31', 0);
INSERT INTO `log_video` VALUES (1639, 1, 0, '资产配置方法论-把科学模型用“活”', '2021-12-31', 0);
INSERT INTO `log_video` VALUES (1640, 1, 0, '资产配置方法论-划分资金体量和需求层级', '2021-12-31', 0);
INSERT INTO `log_video` VALUES (1641, 1, 0, '资产配置≠产品组合', '2021-12-31', 0);
INSERT INTO `log_video` VALUES (1642, 1, 0, '资产配置≠产品组合', '2021-12-31', 0);
INSERT INTO `log_video` VALUES (1643, 2, 0, '资产配置≠产品组合', '2021-12-31', 0);
INSERT INTO `log_video` VALUES (1644, 1, 0, '资产配置≠产品组合', '2021-12-31', 0);
INSERT INTO `log_video` VALUES (1645, 2, 0, '资产配置≠产品组合', '2021-12-31', 0);
INSERT INTO `log_video` VALUES (1646, 1, 0, '资产配置≠产品组合', '2021-12-31', 0);
INSERT INTO `log_video` VALUES (1647, 1, 0, '资产配置≠产品组合', '2021-12-31', 0);
INSERT INTO `log_video` VALUES (1648, 1, 0, '资产配置≠产品组合', '2021-12-31', 0);
INSERT INTO `log_video` VALUES (1649, 1, 0, '资产配置方法论-把科学模型用“活”', '2021-12-31', 0);
INSERT INTO `log_video` VALUES (1650, 1, 0, '资产配置方法论-把科学模型用“活”', '2021-12-31', 0);
INSERT INTO `log_video` VALUES (1651, 1, 0, '资产配置方法论-把科学模型用“活”', '2021-12-31', 0);
INSERT INTO `log_video` VALUES (1652, 1, 0, '资产配置方法论-把科学模型用“活”', '2021-12-31', 0);
INSERT INTO `log_video` VALUES (1653, 1, 0, '资产配置方法论-把科学模型用“活”', '2021-12-31', 0);
INSERT INTO `log_video` VALUES (1654, 2, 0, '资产配置≠产品组合', '2021-12-31', 0);
INSERT INTO `log_video` VALUES (1655, 2, 0, '从资管新规出发，聊聊资产配置的那些事', '2021-12-31', 0);
INSERT INTO `log_video` VALUES (1656, 2, 0, '从资管新规出发，聊聊资产配置的那些事', '2022-01-01', 0);
INSERT INTO `log_video` VALUES (1657, 2, 0, '资产配置≠产品组合', '2022-01-01', 0);
INSERT INTO `log_video` VALUES (1658, 2, 0, '资产配置方法论-划分资金体量和需求层级', '2022-01-01', 0);
INSERT INTO `log_video` VALUES (1659, 2, 0, '从资管新规出发，聊聊资产配置的那些事', '2022-01-01', 0);
INSERT INTO `log_video` VALUES (1660, 2, 0, '从资管新规出发，聊聊资产配置的那些事', '2022-01-01', 0);
INSERT INTO `log_video` VALUES (1661, 3, 0, '资产配置方法论-把科学模型用“活”', '2022-01-01', 0);
INSERT INTO `log_video` VALUES (1662, 1, 0, '资产配置≠产品组合', '2022-01-01', 0);
INSERT INTO `log_video` VALUES (1663, 3, 0, '资产配置方法论-把科学模型用“活”', '2022-01-01', 0);
INSERT INTO `log_video` VALUES (1664, 1, 0, '资产配置≠产品组合', '2022-01-01', 0);
INSERT INTO `log_video` VALUES (1665, 1, 0, '资产配置≠产品组合', '2022-01-01', 0);
INSERT INTO `log_video` VALUES (1666, 2, 0, '资产配置≠产品组合', '2022-01-01', 0);
INSERT INTO `log_video` VALUES (1667, 2, 0, '从资管新规出发，聊聊资产配置的那些事', '2022-01-02', 0);

-- ----------------------------
-- Table structure for persistent_logins
-- ----------------------------
DROP TABLE IF EXISTS `persistent_logins`;
CREATE TABLE `persistent_logins`  (
  `series` varchar(64) CHARACTER SET utf8mb4 COLLATE utf8mb4_unicode_ci NOT NULL COMMENT 'id',
  `username` varchar(64) CHARACTER SET utf8mb4 COLLATE utf8mb4_unicode_ci NOT NULL COMMENT '登陆账号',
  `token` varchar(64) CHARACTER SET utf8mb4 COLLATE utf8mb4_unicode_ci NOT NULL COMMENT 'cookie令牌',
  `last_used` timestamp(0) NOT NULL DEFAULT CURRENT_TIMESTAMP(0) ON UPDATE CURRENT_TIMESTAMP(0) COMMENT '最后更新时间',
  PRIMARY KEY (`series`) USING BTREE
) ENGINE = InnoDB CHARACTER SET = utf8mb4 COLLATE = utf8mb4_unicode_ci COMMENT = 'persistent_logins表，用户实现记住我功能' ROW_FORMAT = Compact;

-- ----------------------------
-- Records of persistent_logins
-- ----------------------------

-- ----------------------------
-- Table structure for question
-- ----------------------------
DROP TABLE IF EXISTS `question`;
CREATE TABLE `question`  (
  `id` bigint(20) UNSIGNED NOT NULL AUTO_INCREMENT COMMENT '问卷中问题编号',
  `title` varchar(255) CHARACTER SET utf8mb4 COLLATE utf8mb4_general_ci NOT NULL DEFAULT '' COMMENT '问题的题目',
  `option` varchar(200) CHARACTER SET utf8mb4 COLLATE utf8mb4_general_ci NOT NULL DEFAULT '' COMMENT '问题的选项（用&符号隔开）数组返回，索引从1开始',
  `channel_id` varchar(255) CHARACTER SET utf8mb4 COLLATE utf8mb4_general_ci NOT NULL DEFAULT '0' COMMENT '所属频道(逗号分隔)',
  `category` tinyint(4) NOT NULL DEFAULT 0 COMMENT '问题类型1-单选 2-多选 3-判断 4-填空',
  `create_time` datetime(0) NOT NULL COMMENT '创建时间',
  `update_time` datetime(0) NOT NULL COMMENT '更新时间',
  `weight` int(11) NOT NULL DEFAULT 0 COMMENT '倒序 数据校验最大值100 最小0',
  PRIMARY KEY (`id`) USING BTREE
) ENGINE = InnoDB AUTO_INCREMENT = 42 CHARACTER SET = utf8mb4 COLLATE = utf8mb4_general_ci ROW_FORMAT = Dynamic;

-- ----------------------------
-- Records of question
-- ----------------------------
INSERT INTO `question` VALUES (7, '您配置大额保单最主要的目的', 'A、财富增值&B、资产保全&C、税务筹划&D、提升生活品质', '14', 1, '2021-10-22 21:03:34', '2021-12-16 16:56:28', 98);
INSERT INTO `question` VALUES (9, '您认为家庭是否有必要配置大额保单', 'A、是&B、否', '14', 1, '2021-10-24 20:23:26', '2021-12-16 16:56:09', 100);
INSERT INTO `question` VALUES (10, '您认为大额保单最吸引的是哪项功能          ', 'A、保障功能&B、满足特定需求&C、杠杆功能&D、税务筹划', '14', 1, '2021-11-09 17:31:55', '2021-12-16 16:56:21', 99);
INSERT INTO `question` VALUES (11, '您是否计划配置大额保单？', 'A、是&B、否', '14', 1, '2021-11-12 19:22:07', '2021-12-16 16:56:39', 97);
INSERT INTO `question` VALUES (12, '您是否有意愿参与公益慈善？', 'A、是&B、否', '19', 1, '2021-11-12 19:23:03', '2021-12-16 16:56:45', 96);
INSERT INTO `question` VALUES (13, '如果参与公益慈善，什么是您最看重的因素？', 'A、对社会现象各弱势群体的关注&B、受国家政策鼓励和引导&C、家族企业的社会责任&D、家族精神的传承', '19', 1, '2021-11-12 19:24:02', '2021-12-16 16:56:51', 95);
INSERT INTO `question` VALUES (14, '以下哪种公益慈善内容您最想尝试？', 'A、贫困地区捐款捐物&B、就业支持&C、教育改善&D、医疗卫生建设', '19', 1, '2021-11-12 19:25:10', '2021-12-16 16:56:57', 94);
INSERT INTO `question` VALUES (15, '您会倾向于使用什么工具来进行公益慈善活动？', 'A、直接捐赠&B、非公募基金会&C、慈善信托&D、专项基金&E、影响力投资&F、金融产品收益捐赠', '19', 1, '2021-11-12 19:26:42', '2021-12-16 16:57:05', 93);
INSERT INTO `question` VALUES (16, '作为家庭的主要经济支柱，如果决定购买一份大额终身寿险保单，应该优先选择谁做“被保险人”？', 'A、自己&B、爱人&C、孩子', '14', 1, '2021-11-19 14:38:21', '2021-12-16 16:58:23', 10);
INSERT INTO `question` VALUES (17, '您会考虑设立保险金信托吗？', 'A、会&B、不会', '14', 1, '2021-11-19 14:39:03', '2021-12-16 16:58:28', 1);
INSERT INTO `question` VALUES (18, '如果您设立家族信托，您会设多少年的期限', '10-20年&21-50年&51-100年&101年以上', '15', 1, '2021-11-19 14:44:03', '2021-12-16 16:56:15', 100);
INSERT INTO `question` VALUES (19, '如果您设立家族信托，您会在条款中加入慈善方面的条款吗？', '是&否', '15', 1, '2021-11-19 14:44:30', '2021-12-16 16:57:10', 90);
INSERT INTO `question` VALUES (20, '如果您设立家族信托，您会在条款中加入家族文化传承的条款吗？', '是&否', '15', 1, '2021-11-19 14:45:01', '2021-12-16 16:57:19', 80);
INSERT INTO `question` VALUES (21, '您理解的家族信托是什么', '理财产品&定制化解决方案&集合信托计划&和保险差不多', '15', 1, '2021-11-19 14:45:51', '2021-12-16 16:57:25', 70);
INSERT INTO `question` VALUES (22, '您家族财富管理中最需要解决的是哪项：', 'A、资产配置&B、财产配置&C、风险隔离&D、公益（慈善）', '15', 1, '2021-11-19 14:48:05', '2021-12-16 16:57:37', 60);
INSERT INTO `question` VALUES (23, '您设立家族信托最主要的目的', 'A、财富传承分配&B、家企分离&C、婚前财产保护&D、财富保值增值', '15', 1, '2021-11-19 14:48:47', '2021-12-16 16:57:45', 50);
INSERT INTO `question` VALUES (24, '您准备设立家族信托吗？', 'A、是&B、否', '15', 1, '2021-11-19 14:49:11', '2021-12-16 16:57:54', 40);
INSERT INTO `question` VALUES (25, '除了现金资产，您最希望把哪类资产放入家族信托？', 'A、不动产&B、上市股权&C、非上市股权 &D、其他贵重物品&E、以上都感兴趣 &F、以上都不感兴趣', '15', 1, '2021-11-19 14:50:00', '2021-12-16 16:58:00', 40);
INSERT INTO `question` VALUES (26, '您是否认同，家族信托是解决代持风险的有效手段之一？', 'A、是&B、否', '15', 1, '2021-11-19 14:50:28', '2021-12-16 16:58:07', 30);
INSERT INTO `question` VALUES (27, '您是否认同，家族要世代兴旺需要有治理机制？', 'A、是&B、否', '15', 1, '2021-11-19 14:50:50', '2021-12-16 16:58:13', 20);
INSERT INTO `question` VALUES (28, '以下关于资产配置的几个观点，哪项您更认可', 'A、鸡蛋不能放在一个篮子里&B、分散投资&C、产品组合&D、根据投资者风险水平下的大类资产配置', '17', 1, '2021-11-19 18:13:32', '2021-11-19 18:13:32', 100);
INSERT INTO `question` VALUES (29, '资管新规对于资管产品的规定，您认为哪项对您而言最重要？', 'A、打破刚兑，风险与收益对等&B、资管产品的净值化管理&C、分为固定收益类、权益类、商品金融衍生品类、混合类&D、投资者分为不特定社会公众和合格投资者两大类', '17', 1, '2021-11-19 18:14:45', '2021-11-19 18:14:45', 90);
INSERT INTO `question` VALUES (30, '以下产品中，您认为哪项产品的风险最高？', 'A、货币基金&B、股票&C、偏股公募基金&D、私募股权基金', '17', 1, '2021-11-19 18:15:43', '2021-11-19 18:15:43', 80);
INSERT INTO `question` VALUES (31, '您以往投资占比中最高的产品是：', 'A、存款、国债&B、银行理财产品&C、公募基金、私募基金、股票等&D、股权投资&E、保险保障类产品', '17', 1, '2021-11-19 18:16:43', '2021-11-19 18:16:43', 70);
INSERT INTO `question` VALUES (32, '大类资产配置的目的', 'A、未来不确定，分散风险，实现资产的保值增值&B、通过参与风险投资，获取财富的快速增长&C、通过多元布局，获取最大化收益&D、通过广泛播种，抓取千载难逢的机会', '17', 1, '2021-11-19 18:17:48', '2021-11-19 18:17:48', 60);
INSERT INTO `question` VALUES (33, '最优化投资比例如何确定', 'A、按照自我想法确定&B、利用资产配置模型科学测算&C、根据宏观基本面确定&D、	预测资产未来走势确定', '17', 1, '2021-11-19 18:18:56', '2021-11-19 18:19:06', 50);
INSERT INTO `question` VALUES (34, '财富顾问专业能力是否是您选择金融机构的首要条件？', 'A、是&B、不是&C、不确定', '17', 1, '2021-11-19 18:20:04', '2021-11-19 18:20:04', 40);
INSERT INTO `question` VALUES (35, '您更看重财富顾问的哪方面服务？', 'A、市场预测&B、产品推荐&C、日常资产配置跟踪服务', '17', 1, '2021-11-19 18:20:48', '2021-11-19 18:20:48', 30);
INSERT INTO `question` VALUES (36, '您觉得资产检视的周期多久比较适合？', 'A、每月&B、每季&C、每半年', '17', 1, '2021-11-19 18:21:25', '2021-11-19 18:21:25', 20);
INSERT INTO `question` VALUES (37, '专业财富顾问出具的资产配置建议是否愿意严格执行？', 'A、能够执行&B、仅作为参考', '17', 1, '2021-11-19 18:22:09', '2021-11-19 18:22:09', 10);
INSERT INTO `question` VALUES (38, '您认为养老规划是不是自己目前需要考虑的问题？', 'A、是&B、不是', '18', 1, '2021-11-20 14:47:50', '2021-11-20 14:47:50', 100);
INSERT INTO `question` VALUES (39, '在养老规划中，当前您更重视以下哪一个方面？', 'A、家族企业的传递交接&B、家庭资产的保值增值&C、家庭财富的传承安排&D、养老生活的具体计划', '18', 1, '2021-11-20 14:48:47', '2021-11-20 14:48:47', 90);
INSERT INTO `question` VALUES (40, '您需要通过专业机构和专业人士为您提供养老规划帮助吗？', 'A、需要&B、不需要', '18', 1, '2021-11-20 14:49:39', '2021-11-20 14:49:39', 80);
INSERT INTO `question` VALUES (41, '您认为在养老规划中需要使用到哪些管理工具？', 'A、遗嘱&B、赠与协议&C、家族信托&D、年金养老保险&E、保险金信托&F、意定监护协议', '18', 2, '2021-11-20 14:50:53', '2021-11-20 14:50:53', 70);

-- ----------------------------
-- Table structure for sys_authority
-- ----------------------------
DROP TABLE IF EXISTS `sys_authority`;
CREATE TABLE `sys_authority`  (
  `authority_id` varchar(255) CHARACTER SET utf8 COLLATE utf8_general_ci NOT NULL COMMENT '权限id',
  `authority_name` varchar(255) CHARACTER SET utf8 COLLATE utf8_general_ci NOT NULL COMMENT '权限名称，ROLE_开头，全大写',
  `authority_remark` varchar(255) CHARACTER SET utf8 COLLATE utf8_general_ci NOT NULL COMMENT '权限描述',
  `create_time` datetime(0) NOT NULL COMMENT '创建时间',
  `update_time` datetime(0) NOT NULL COMMENT '修改时间',
  `authority_content` varchar(255) CHARACTER SET utf8 COLLATE utf8_general_ci NOT NULL COMMENT '权限内容，可访问的url，多个时用,隔开',
  PRIMARY KEY (`authority_id`) USING BTREE
) ENGINE = InnoDB CHARACTER SET = utf8 COLLATE = utf8_general_ci COMMENT = '系统权限表' ROW_FORMAT = Compact;

-- ----------------------------
-- Records of sys_authority
-- ----------------------------
INSERT INTO `sys_authority` VALUES ('3fb1c570496d4c09ab99b8d31b06ccc', 'ROLE_USER', '普通用户', '2019-09-10 10:08:58', '2019-09-10 10:08:58', '');
INSERT INTO `sys_authority` VALUES ('3fb1c570496d4c09ab99b8d31b06xxx', 'ROLE_SA', '超级管理员', '2019-09-10 10:08:58', '2019-09-10 10:08:58', '/sys/**,/logging');
INSERT INTO `sys_authority` VALUES ('3fb1c570496d4c09ab99b8d31b06zzz', 'ROLE_ADMIN', '管理员', '2019-09-10 10:08:58', '2019-09-10 10:08:58', '/sys/**');

-- ----------------------------
-- Table structure for sys_menu
-- ----------------------------
DROP TABLE IF EXISTS `sys_menu`;
CREATE TABLE `sys_menu`  (
  `menu_id` varchar(255) CHARACTER SET utf8 COLLATE utf8_general_ci NOT NULL COMMENT '菜单id',
  `menu_name` varchar(255) CHARACTER SET utf8 COLLATE utf8_general_ci NOT NULL COMMENT '菜单名称',
  `menu_path` varchar(255) CHARACTER SET utf8 COLLATE utf8_general_ci NOT NULL COMMENT '菜单路径',
  `menu_parent_id` varchar(255) CHARACTER SET utf8 COLLATE utf8_general_ci NULL DEFAULT NULL COMMENT '上级id',
  `sort_weight` int(11) NULL DEFAULT NULL COMMENT '同级排序权重：0-10',
  `create_time` datetime(0) NOT NULL COMMENT '创建时间',
  `update_time` datetime(0) NOT NULL COMMENT '修改时间',
  PRIMARY KEY (`menu_id`) USING BTREE
) ENGINE = InnoDB CHARACTER SET = utf8 COLLATE = utf8_general_ci COMMENT = '系统菜单表' ROW_FORMAT = Compact;

-- ----------------------------
-- Records of sys_menu
-- ----------------------------
INSERT INTO `sys_menu` VALUES ('26ceaee48f4642809d6aa34c1bb39799', '问卷结果', '/ccb/answer/index', '', 9, '2021-10-24 10:14:27', '2021-10-24 10:14:27');
INSERT INTO `sys_menu` VALUES ('2741ff82d20a4dec904269bef1040017', '分组管理', '/ccb/category/index', '', 4, '2021-10-22 15:15:47', '2021-10-22 15:15:47');
INSERT INTO `sys_menu` VALUES ('35cb950cebb04bb18bb1d8b742a02xaa', '权限管理', '/sys/sysAuthority/authority', '35cb950cebb04bb18bb1d8b742a02xxx', 1, '2019-09-10 10:08:58', '2019-09-10 10:08:58');
INSERT INTO `sys_menu` VALUES ('35cb950cebb04bb18bb1d8b742a02xcc', '菜单管理', '/sys/sysMenu/menu', '35cb950cebb04bb18bb1d8b742a02xxx', 2, '2019-09-10 10:08:58', '2019-09-10 10:08:58');
INSERT INTO `sys_menu` VALUES ('35cb950cebb04bb18bb1d8b742a02xxx', '系统管理', '/sys', '', 0, '2019-09-10 10:08:58', '2019-09-10 10:08:58');
INSERT INTO `sys_menu` VALUES ('35cb950cebb04bb18bb1d8b742a02xzz', '用户管理', '/sys/sysUser/user', '35cb950cebb04bb18bb1d8b742a02xxx', 3, '2019-09-10 10:08:58', '2019-09-10 10:08:58');
INSERT INTO `sys_menu` VALUES ('3dd381899bab495096a0ae627797eed2', '主页管理', '/ccb/homepage/index', '', 8, '2021-10-22 15:19:01', '2021-10-22 15:19:01');
INSERT INTO `sys_menu` VALUES ('45421a14448342519d3a5b592f283c89', '轮播图管理', '/ccb/banner/index', '', 1, '2021-10-05 10:35:26', '2021-10-05 10:35:26');
INSERT INTO `sys_menu` VALUES ('698d588e500a42dd8c955ec96aad67e2', '视频管理', '/ccb/video/index', '', 5, '2021-10-22 15:17:14', '2021-10-22 15:17:14');
INSERT INTO `sys_menu` VALUES ('74315e162f524a4d88aa931f02416f26', '实时监控', '/monitor', '35cb950cebb04bb18bb1d8b742a02xxx', 4, '2020-06-10 15:07:07', '2020-06-10 15:07:07');
INSERT INTO `sys_menu` VALUES ('78185417f1c34ea1bf6232fd8d2ebeb8', '讲师管理', '/ccb/teacher/index', '', 6, '2021-10-22 15:17:49', '2021-10-22 15:17:49');
INSERT INTO `sys_menu` VALUES ('914aa22c78af4327822061f3eada4067', '实时日志', '/logging', '35cb950cebb04bb18bb1d8b742a02xxx', 5, '2019-09-11 11:19:52', '2019-09-11 11:19:52');
INSERT INTO `sys_menu` VALUES ('a9d7a113aefd4e88a704c8f05b231100', '广告管理', '/ccb/advertisement/index', '', 3, '2021-10-05 10:36:14', '2021-10-05 10:36:14');
INSERT INTO `sys_menu` VALUES ('b74d2bc328034cdcb5bc84cecd3797b7', '频道管理', '/ccb/channel/index', '', 2, '2021-10-05 10:35:47', '2021-10-05 10:37:35');
INSERT INTO `sys_menu` VALUES ('bcf17dc0ce304f0ba02d64ce21ddb4f9', '系统设置', '/sys/sysSetting/setting', '35cb950cebb04bb18bb1d8b742a02xxx', 0, '2019-09-17 10:46:11', '2019-09-17 10:46:11');
INSERT INTO `sys_menu` VALUES ('cf17fadfa4834402b814fcd9b2614099', '问卷管理', '/ccb/question/index', '', 7, '2021-10-22 15:18:20', '2021-10-22 15:18:20');

-- ----------------------------
-- Table structure for sys_setting
-- ----------------------------
DROP TABLE IF EXISTS `sys_setting`;
CREATE TABLE `sys_setting`  (
  `id` varchar(255) CHARACTER SET utf8 COLLATE utf8_general_ci NOT NULL COMMENT '表id',
  `sys_name` varchar(255) CHARACTER SET utf8 COLLATE utf8_general_ci NULL DEFAULT NULL COMMENT '系统名称',
  `sys_logo` varchar(255) CHARACTER SET utf8 COLLATE utf8_general_ci NULL DEFAULT NULL COMMENT '系统logo图标',
  `sys_bottom_text` varchar(255) CHARACTER SET utf8 COLLATE utf8_general_ci NULL DEFAULT NULL COMMENT '系统底部信息',
  `sys_notice_text` longtext CHARACTER SET utf8 COLLATE utf8_general_ci NULL COMMENT '系统公告',
  `create_time` datetime(0) NULL DEFAULT NULL COMMENT '创建时间',
  `update_time` datetime(0) NULL DEFAULT NULL COMMENT '修改时间',
  `user_init_password` varchar(255) CHARACTER SET utf8 COLLATE utf8_general_ci NULL DEFAULT NULL COMMENT '用户管理：初始、重置密码',
  `sys_color` varchar(255) CHARACTER SET utf8 COLLATE utf8_general_ci NULL DEFAULT NULL COMMENT '系统颜色',
  `sys_api_encrypt` char(1) CHARACTER SET utf8 COLLATE utf8_general_ci NULL DEFAULT NULL COMMENT 'API加密 Y/N',
  `sys_open_api_limiter_encrypt` char(1) CHARACTER SET utf8 COLLATE utf8_general_ci NULL DEFAULT NULL COMMENT 'OpenAPI限流 Y/N',
  PRIMARY KEY (`id`) USING BTREE
) ENGINE = InnoDB CHARACTER SET = utf8 COLLATE = utf8_general_ci COMMENT = '系统设置表' ROW_FORMAT = Compact;

-- ----------------------------
-- Records of sys_setting
-- ----------------------------
INSERT INTO `sys_setting` VALUES ('1', '建行守攻传管理系统', 'https://github.com/ChangzhouHeroAssociation/CCB_H5-admin/blob/main/logo.jpg?raw=true', '建行守攻传管理系统', '<h1 style=\"white-space: normal; text-align: center;\"><span style=\"color: rgb(255, 0, 0);\">通知</span></h1><p style=\"white-space: normal;\"><span style=\"color: rgb(255, 0, 0);\">1、不得在公共场合吸烟；</span></p><p style=\"white-space: normal;\"><span style=\"color: rgb(255, 0, 0);\">2、xxxxxxx；</span></p><p><br/></p>', '2019-09-17 10:15:38', '2021-11-17 12:00:38', '123456', 'rgba(54, 123, 183,  0.73)', 'Y', 'N');

-- ----------------------------
-- Table structure for sys_shortcut_menu
-- ----------------------------
DROP TABLE IF EXISTS `sys_shortcut_menu`;
CREATE TABLE `sys_shortcut_menu`  (
  `shortcut_menu_id` varchar(255) CHARACTER SET utf8 COLLATE utf8_general_ci NOT NULL COMMENT '用户快捷菜单id',
  `shortcut_menu_name` varchar(255) CHARACTER SET utf8 COLLATE utf8_general_ci NOT NULL COMMENT '用户快捷菜单名称',
  `shortcut_menu_path` varchar(255) CHARACTER SET utf8 COLLATE utf8_general_ci NOT NULL COMMENT '用户快捷菜单路径',
  `user_id` varchar(255) CHARACTER SET utf8 COLLATE utf8_general_ci NOT NULL COMMENT '用户id',
  `shortcut_menu_parent_id` varchar(255) CHARACTER SET utf8 COLLATE utf8_general_ci NULL DEFAULT NULL COMMENT '上级id',
  `sort_weight` int(11) NULL DEFAULT NULL COMMENT '同级排序权重：0-10',
  `create_time` datetime(0) NOT NULL COMMENT '创建时间',
  `update_time` datetime(0) NOT NULL COMMENT '修改时间',
  PRIMARY KEY (`shortcut_menu_id`) USING BTREE
) ENGINE = InnoDB CHARACTER SET = utf8 COLLATE = utf8_general_ci COMMENT = '用户快捷菜单表' ROW_FORMAT = Compact;

-- ----------------------------
-- Records of sys_shortcut_menu
-- ----------------------------
INSERT INTO `sys_shortcut_menu` VALUES ('104370a3fa7948bab156afd4a5f2a730', '个性化菜单', '', '1', '', 0, '2019-09-12 18:35:13', '2019-09-12 18:35:13');
INSERT INTO `sys_shortcut_menu` VALUES ('72d94b41b9994038bd2f2135a1de28d8', '快捷菜单', '', 'b5ac62e154964151a19c565346bb354a', '', 0, '2019-09-17 14:36:28', '2019-09-17 14:36:28');
INSERT INTO `sys_shortcut_menu` VALUES ('88353f04ad5d47b182c984bfbb1693cc', 'ggg', '/xxx', 'b5ac62e154964151a19c565346bb354a', '72d94b41b9994038bd2f2135a1de28d8', 0, '2019-09-17 14:36:50', '2019-09-17 14:36:50');
INSERT INTO `sys_shortcut_menu` VALUES ('bd36d4507327434eb57b67b21343246f', '腾讯云', 'https://cloud.tencent.com/', '1', '104370a3fa7948bab156afd4a5f2a730', 0, '2020-10-15 18:42:39', '2020-12-31 14:44:18');
INSERT INTO `sys_shortcut_menu` VALUES ('c309dafafe964a9d8de021b0da193bad', '啊啊啊', '/aaa', '1', 'db234c8f4fad4b0c9a4522e872c0f588', 0, '2020-10-16 10:20:20', '2020-10-16 10:20:20');
INSERT INTO `sys_shortcut_menu` VALUES ('cf78ced9ce7b480c85812540d1936145', '百度', 'https://www.baidu.com', '1', '104370a3fa7948bab156afd4a5f2a730', 2, '2019-09-12 18:35:39', '2020-12-31 14:44:27');
INSERT INTO `sys_shortcut_menu` VALUES ('cf78ced9ce7b480c85fd2540d1936145', '阿里云', 'https://www.aliyun.com/', '1', '104370a3fa7948bab156afd4a5f2a730', 1, '2019-09-12 18:35:39', '2020-12-31 14:44:23');
INSERT INTO `sys_shortcut_menu` VALUES ('db234c8f4fad4b0c9a4522e872c0f588', '菜单2', '', '1', '', 1, '2020-10-16 10:20:02', '2020-10-16 10:20:02');

-- ----------------------------
-- Table structure for sys_user
-- ----------------------------
DROP TABLE IF EXISTS `sys_user`;
CREATE TABLE `sys_user`  (
  `user_id` varchar(255) CHARACTER SET utf8 COLLATE utf8_general_ci NOT NULL COMMENT '用户id',
  `login_name` varchar(255) CHARACTER SET utf8 COLLATE utf8_general_ci NOT NULL COMMENT '登录名',
  `user_name` varchar(255) CHARACTER SET utf8 COLLATE utf8_general_ci NOT NULL COMMENT '用户名称',
  `password` varchar(255) CHARACTER SET utf8 COLLATE utf8_general_ci NOT NULL COMMENT '登录密码',
  `valid` char(1) CHARACTER SET utf8 COLLATE utf8_general_ci NOT NULL COMMENT '软删除标识，Y/N',
  `limited_ip` varchar(255) CHARACTER SET utf8 COLLATE utf8_general_ci NULL DEFAULT NULL COMMENT '限制允许登录的IP集合',
  `expired_time` datetime(0) NULL DEFAULT NULL COMMENT '账号失效时间，超过时间将不能登录系统',
  `last_change_pwd_time` datetime(0) NOT NULL COMMENT '最近修改密码时间，超出时间间隔，提示用户修改密码',
  `last_login_time` datetime(0) NOT NULL COMMENT '最近登录时间，最后活跃时间',
  `limit_multi_login` char(1) CHARACTER SET utf8 COLLATE utf8_general_ci NOT NULL COMMENT '是否允许账号同一个时刻多人在线，Y/N',
  `create_time` datetime(0) NOT NULL COMMENT '创建时间',
  `update_time` datetime(0) NOT NULL COMMENT '修改时间',
  PRIMARY KEY (`user_id`) USING BTREE
) ENGINE = InnoDB CHARACTER SET = utf8 COLLATE = utf8_general_ci COMMENT = '系统用户表' ROW_FORMAT = Compact;

-- ----------------------------
-- Records of sys_user
-- ----------------------------
INSERT INTO `sys_user` VALUES ('1', 'sa', '超级管理员', 'E10ADC3949BA59ABBE56E057F20F883E', 'Y', '', NULL, '2019-09-17 12:00:36', '2021-12-29 19:41:06', 'Y', '2019-07-19 16:36:03', '2021-10-24 10:14:49');
INSERT INTO `sys_user` VALUES ('2', 'admin', '管理员', 'A1B798BDCD3B249A009BB8E1A0C04A84', 'Y', '', NULL, '2021-12-08 16:04:02', '2021-12-31 18:05:22', 'Y', '2019-07-19 16:36:03', '2021-12-03 16:48:20');
INSERT INTO `sys_user` VALUES ('3fb1c570496d4c09ab99b8d31b0671cf', 'daji', '妲己', 'E10ADC3949BA59ABBE56E057F20F883E', 'Y', '', NULL, '2019-09-17 12:00:36', '2019-09-17 12:00:36', 'Y', '2019-09-11 18:11:41', '2019-09-17 12:09:47');
INSERT INTO `sys_user` VALUES ('b5ac62e154964151a19c565346bb354a', 'xiaofang', '小芳', '96E79218965EB72C92A549DD5A330112', 'Y', '', NULL, '2019-09-17 12:00:36', '2019-09-17 12:00:36', 'N', '2019-09-17 14:12:41', '2019-09-17 14:28:57');

-- ----------------------------
-- Table structure for sys_user_authority
-- ----------------------------
DROP TABLE IF EXISTS `sys_user_authority`;
CREATE TABLE `sys_user_authority`  (
  `user_authority_id` varchar(255) CHARACTER SET utf8 COLLATE utf8_general_ci NOT NULL COMMENT '用户权限表id',
  `user_id` varchar(255) CHARACTER SET utf8 COLLATE utf8_general_ci NOT NULL COMMENT '用户id',
  `authority_id` varchar(255) CHARACTER SET utf8 COLLATE utf8_general_ci NOT NULL COMMENT '权限id',
  `create_time` datetime(0) NOT NULL COMMENT '创建时间',
  `update_time` datetime(0) NOT NULL COMMENT '修改时间',
  PRIMARY KEY (`user_authority_id`) USING BTREE
) ENGINE = InnoDB CHARACTER SET = utf8 COLLATE = utf8_general_ci COMMENT = '用户权限表' ROW_FORMAT = Compact;

-- ----------------------------
-- Records of sys_user_authority
-- ----------------------------
INSERT INTO `sys_user_authority` VALUES ('002522e2e8d44a8389f8ed4cf6607c86', '2', '3fb1c570496d4c09ab99b8d31b06zzz', '2021-10-24 10:14:55', '2021-10-24 10:14:55');
INSERT INTO `sys_user_authority` VALUES ('90c18739f3ad41ae8010f6c2b7eeaac5', '3fb1c570496d4c09ab99b8d31b0671cf', '3fb1c570496d4c09ab99b8d31b06ccc', '2019-09-17 12:09:47', '2019-09-17 12:09:47');
INSERT INTO `sys_user_authority` VALUES ('ae06dc8244434bb0a6596b611d316fe3', '2', '3fb1c570496d4c09ab99b8d31b06ccc', '2021-10-24 10:14:55', '2021-10-24 10:14:55');
INSERT INTO `sys_user_authority` VALUES ('b7cfac5b92ec44ba899ad4c90e6e056e', '1', '3fb1c570496d4c09ab99b8d31b06zzz', '2021-10-24 10:14:49', '2021-10-24 10:14:49');
INSERT INTO `sys_user_authority` VALUES ('de56fc80de554d0fa7befd665e13a1e7', '1', '3fb1c570496d4c09ab99b8d31b06xxx', '2021-10-24 10:14:49', '2021-10-24 10:14:49');
INSERT INTO `sys_user_authority` VALUES ('de60e5bbbacf4c739e44a60130d0f534', 'b5ac62e154964151a19c565346bb354a', '3fb1c570496d4c09ab99b8d31b06ccc', '2019-09-17 14:28:58', '2019-09-17 14:28:58');
INSERT INTO `sys_user_authority` VALUES ('f5b9343ca5d34a4ab196b70d9c4c1f45', '1', '3fb1c570496d4c09ab99b8d31b06ccc', '2021-10-24 10:14:49', '2021-10-24 10:14:49');

-- ----------------------------
-- Table structure for sys_user_menu
-- ----------------------------
DROP TABLE IF EXISTS `sys_user_menu`;
CREATE TABLE `sys_user_menu`  (
  `user_menu_id` varchar(255) CHARACTER SET utf8 COLLATE utf8_general_ci NOT NULL COMMENT '用户菜单表id',
  `user_id` varchar(255) CHARACTER SET utf8 COLLATE utf8_general_ci NOT NULL COMMENT '用户id',
  `menu_id` varchar(255) CHARACTER SET utf8 COLLATE utf8_general_ci NOT NULL COMMENT '菜单id',
  `create_time` datetime(0) NOT NULL COMMENT '创建时间',
  `update_time` datetime(0) NOT NULL COMMENT '修改时间',
  PRIMARY KEY (`user_menu_id`) USING BTREE
) ENGINE = InnoDB CHARACTER SET = utf8 COLLATE = utf8_general_ci COMMENT = '用户菜单表' ROW_FORMAT = Compact;

-- ----------------------------
-- Records of sys_user_menu
-- ----------------------------
INSERT INTO `sys_user_menu` VALUES ('091aaab14c764ef1bcfc3d6cd085da72', '1', 'cf17fadfa4834402b814fcd9b2614099', '2021-10-24 10:14:49', '2021-10-24 10:14:49');
INSERT INTO `sys_user_menu` VALUES ('14f7e9289df1423891b977fbe8aa1028', '1', '35cb950cebb04bb18bb1d8b742a02xcc', '2021-10-24 10:14:49', '2021-10-24 10:14:49');
INSERT INTO `sys_user_menu` VALUES ('22962e80429b42a78328a9a755753725', '2', '2741ff82d20a4dec904269bef1040017', '2021-10-24 10:14:55', '2021-10-24 10:14:55');
INSERT INTO `sys_user_menu` VALUES ('275ab326422141cfbd9446513a920cfe', '2', 'cf17fadfa4834402b814fcd9b2614099', '2021-10-24 10:14:55', '2021-10-24 10:14:55');
INSERT INTO `sys_user_menu` VALUES ('2949762665ef433c82394b1df188c173', '1', '914aa22c78af4327822061f3eada4067', '2021-10-24 10:14:49', '2021-10-24 10:14:49');
INSERT INTO `sys_user_menu` VALUES ('3c3f6847108d4d1ebe27106706ffd9b3', '1', '35cb950cebb04bb18bb1d8b742a02xaa', '2021-10-24 10:14:49', '2021-10-24 10:14:49');
INSERT INTO `sys_user_menu` VALUES ('51cf23148b094c76ad0f1485e3c477bf', '2', 'b74d2bc328034cdcb5bc84cecd3797b7', '2021-10-24 10:14:55', '2021-10-24 10:14:55');
INSERT INTO `sys_user_menu` VALUES ('5343ea19179344ebac14fafd55b1da83', '1', '35cb950cebb04bb18bb1d8b742a02xxx', '2021-10-24 10:14:49', '2021-10-24 10:14:49');
INSERT INTO `sys_user_menu` VALUES ('5509690b6edb42a584d41cc55d9bf92b', '1', '35cb950cebb04bb18bb1d8b742a02xzz', '2021-10-24 10:14:49', '2021-10-24 10:14:49');
INSERT INTO `sys_user_menu` VALUES ('5faea7c009c8485481a7ce5a07ec5bbc', '1', '26ceaee48f4642809d6aa34c1bb39799', '2021-10-24 10:14:49', '2021-10-24 10:14:49');
INSERT INTO `sys_user_menu` VALUES ('655383a8a5b84c179f6777a6a0647c97', '1', '698d588e500a42dd8c955ec96aad67e2', '2021-10-24 10:14:49', '2021-10-24 10:14:49');
INSERT INTO `sys_user_menu` VALUES ('676348d398cc41a6a12c557548ad2503', '2', '3dd381899bab495096a0ae627797eed2', '2021-10-24 10:14:55', '2021-10-24 10:14:55');
INSERT INTO `sys_user_menu` VALUES ('7d8d1775274347728c93f421c3341f2e', '2', 'a9d7a113aefd4e88a704c8f05b231100', '2021-10-24 10:14:55', '2021-10-24 10:14:55');
INSERT INTO `sys_user_menu` VALUES ('82282091f22b4bc89af209346d5f9860', '1', '2741ff82d20a4dec904269bef1040017', '2021-10-24 10:14:49', '2021-10-24 10:14:49');
INSERT INTO `sys_user_menu` VALUES ('8595f07a7df84a89ae745c499b0fc0e3', '1', '3dd381899bab495096a0ae627797eed2', '2021-10-24 10:14:49', '2021-10-24 10:14:49');
INSERT INTO `sys_user_menu` VALUES ('99d45a5b0ed14d5caa4b03c4b68a26d8', '1', '78185417f1c34ea1bf6232fd8d2ebeb8', '2021-10-24 10:14:49', '2021-10-24 10:14:49');
INSERT INTO `sys_user_menu` VALUES ('a130aabc952c4802a14a9e7b583d9b5c', '1', 'b74d2bc328034cdcb5bc84cecd3797b7', '2021-10-24 10:14:49', '2021-10-24 10:14:49');
INSERT INTO `sys_user_menu` VALUES ('a7010a493dda457493651a5bf8a40171', '2', '45421a14448342519d3a5b592f283c89', '2021-10-24 10:14:55', '2021-10-24 10:14:55');
INSERT INTO `sys_user_menu` VALUES ('ab62dd8e3d1d4cd79a405007ae506ed3', '1', '74315e162f524a4d88aa931f02416f26', '2021-10-24 10:14:49', '2021-10-24 10:14:49');
INSERT INTO `sys_user_menu` VALUES ('ab8339f64019427893d83226513a52fb', '1', '45421a14448342519d3a5b592f283c89', '2021-10-24 10:14:49', '2021-10-24 10:14:49');
INSERT INTO `sys_user_menu` VALUES ('c40bbd0056424dc78ab8d0d131720e20', '1', 'bcf17dc0ce304f0ba02d64ce21ddb4f9', '2021-10-24 10:14:49', '2021-10-24 10:14:49');
INSERT INTO `sys_user_menu` VALUES ('c74faef0c129410ea1cefc78e20f58be', '2', '78185417f1c34ea1bf6232fd8d2ebeb8', '2021-10-24 10:14:55', '2021-10-24 10:14:55');
INSERT INTO `sys_user_menu` VALUES ('d1d22c1c610c4600a95e83f6036c1392', '1', 'a9d7a113aefd4e88a704c8f05b231100', '2021-10-24 10:14:49', '2021-10-24 10:14:49');
INSERT INTO `sys_user_menu` VALUES ('d2b815b56f5d45bfba583f3ca5aef19a', '2', '698d588e500a42dd8c955ec96aad67e2', '2021-10-24 10:14:55', '2021-10-24 10:14:55');
INSERT INTO `sys_user_menu` VALUES ('f16b87c26c054bdf936e4355d345f681', '2', '26ceaee48f4642809d6aa34c1bb39799', '2021-10-24 10:14:55', '2021-10-24 10:14:55');

-- ----------------------------
-- Table structure for teacher
-- ----------------------------
DROP TABLE IF EXISTS `teacher`;
CREATE TABLE `teacher`  (
  `id` bigint(20) NOT NULL AUTO_INCREMENT COMMENT '讲师编号',
  `teacher_name` varchar(20) CHARACTER SET utf8mb4 COLLATE utf8mb4_general_ci NOT NULL DEFAULT '' COMMENT '讲师姓名',
  `description` varchar(255) CHARACTER SET utf8mb4 COLLATE utf8mb4_general_ci NOT NULL DEFAULT '' COMMENT '讲师简介',
  `teacher_photo` varchar(255) CHARACTER SET utf8mb4 COLLATE utf8mb4_general_ci NOT NULL DEFAULT '' COMMENT '头像url',
  `status` tinyint(3) UNSIGNED NOT NULL DEFAULT 1 COMMENT '状态：1正常 0删除 --> 软删除',
  `job` varchar(30) CHARACTER SET utf8mb4 COLLATE utf8mb4_general_ci NOT NULL DEFAULT '' COMMENT '讲师职务',
  `weight` int(11) UNSIGNED NOT NULL DEFAULT 0 COMMENT '倒序 数据校验最大值100 最小0',
  `create_time` datetime(0) NOT NULL COMMENT '创建时间',
  `update_time` datetime(0) NOT NULL COMMENT '更新时间',
  `video` varchar(255) CHARACTER SET utf8mb4 COLLATE utf8mb4_general_ci NOT NULL DEFAULT '' COMMENT '视频url',
  PRIMARY KEY (`id`) USING BTREE
) ENGINE = InnoDB AUTO_INCREMENT = 22 CHARACTER SET = utf8mb4 COLLATE = utf8mb4_general_ci ROW_FORMAT = Dynamic;

-- ----------------------------
-- Records of teacher
-- ----------------------------
INSERT INTO `teacher` VALUES (5, '陈静', '26年金融从业经验，拥有CFP、CPB等专业资质。建行家族办公室（北京中心）主管，团队管理资产118亿元。曾多次获得总行私人银行业务多项荣誉和称号，金融理财杂志“金貔貅奖”TOP10，2019年度“中国银行业协会优秀财富顾问”。', 'http://admin-ccb.cczuit.cn/upload/img/20211217103054145.png', 1, '北京市分行家族办公室团队主管', 99, '2021-10-22 21:03:02', '2021-12-20 10:50:11', '');
INSERT INTO `teacher` VALUES (6, '黄光涛', '35年金融从业经验，拥有AFP、CFP、CPB、CRFA、CTP等专业资质。重庆分行私人银行首席高级财富顾问，团队管理资产120亿元。曾荣获全国精英理财师40强,全国十佳明星理财师第一名,中国银行业协会首批“优秀私人财富顾问”，建总行首批“优秀私人财富顾问”，建行大学优秀讲师等行内外荣誉和称号。', 'http://admin-ccb.cczuit.cn/upload/img/20211217103328929.png', 1, '重庆市分行首席私人财富顾问', 55, '2021-10-22 22:08:20', '2021-12-31 10:34:55', '');
INSERT INTO `teacher` VALUES (7, '讲师3', '讲师', 'http://admin-ccb.cczuit.cn/upload/img/20211023092541910.jpg', 0, '软件工程师', 0, '2021-10-23 09:25:44', '2021-10-23 09:25:44', '');
INSERT INTO `teacher` VALUES (8, '万辉斌', '28年银行从业经验，拥有RFP、GIA等专业资质。广东省分行首席财富顾问，管理资产规模超100亿元，曾获中国百佳金融理财师称号。 ', 'http://admin-ccb.cczuit.cn/upload/img/20211130110051383.png', 1, '广东省分行首席财富顾问', 65, '2021-10-24 20:24:21', '2021-12-16 19:00:23', '');
INSERT INTO `teacher` VALUES (9, '讲师3', '讲师3', 'http://admin-ccb.cczuit.cn/upload/img/20211130104030480.jpg', 0, '软件工程师', 0, '2021-10-24 20:25:00', '2021-11-30 10:40:38', '');
INSERT INTO `teacher` VALUES (10, '王虹', '山东省分行私人银行部副总经理、家族办公室（山东中心）负责人。23年银行从业经验，直接管理客户家族资产50亿元，直接服务5个家族办公室家族客户，曾获2019年度“中国银行业协会优秀私人财富顾问”等荣誉。', 'http://admin-ccb.cczuit.cn/upload/img/20211217103228479.png', 1, '山东省分行私人银行部副总经理', 69, '2021-11-12 18:44:55', '2021-12-20 10:51:40', '');
INSERT INTO `teacher` VALUES (11, '方一男', '31年银行从业经验，管理资产规模超百亿。国际公认“反洗钱师（CAMS）”，协助客户签署家族信托或跨境投资超100单。', 'http://admin-ccb.cczuit.cn/upload/img/20211130110033234.png', 1, '浙江省嘉兴市分行私行中心主管', 85, '2021-11-12 18:45:57', '2021-12-20 10:52:56', '');
INSERT INTO `teacher` VALUES (12, '毕文婷', '16年财富管理及私人银行从业经验，CFP持证。上海分行私行财富顾问团队主管，团队管理资产超过470亿元，曾获多项全国赛事奖项，并受邀担任全国金融赛事专家评审和论坛嘉宾。', 'http://admin-ccb.cczuit.cn/upload/img/20211217103119520.png', 1, '上海市分行私行财富顾问团队主管', 89, '2021-11-12 18:46:31', '2021-12-20 10:52:33', '');
INSERT INTO `teacher` VALUES (13, '刘非', '深圳市分行私人银行部副总经理，12年银行从业经验，CFA持证人。曾获建行总行年度最佳财富顾问、2019年福布斯中国优选理财师金奖等荣誉。', 'http://admin-ccb.cczuit.cn/upload/img/20211217103306803.png', 1, '深圳市分行私人银行部首席客户经理', 59, '2021-11-12 18:47:36', '2021-12-17 10:33:09', '');
INSERT INTO `teacher` VALUES (14, '毛宇', '从业二十多年，精研家族服务、慈善、股权投资、风险管理、税收筹划，服务多家上市公司，率先完成国内首单股票家族信托、深圳首单家族产业基金的方案设置及实践。现任建行南山私人银行总经理\r\n总行级财富顾问、培训师，国际金融理财师CFP，私人银行家CPB，新加坡私人银行家证书。', 'http://admin-ccb.cczuit.cn/upload/img/20211217103317628.png', 1, '深圳市分行南山私人银行中心主管', 58, '2021-11-12 18:48:46', '2021-12-31 10:35:08', '');
INSERT INTO `teacher` VALUES (15, '陈晓颖', '建设银行上海市分行私人银行部，财富顾问，拥有10余年高净值客户服务经验。CPA注册会计师、CPB认证私人银行家、国家职业资格二级黄金投资分析师、银行、保险、基金、证券从业等，2019年第二届中国私人银行精英赛金奖，2019年第十届全国杰出财富管理师大赛第四名，2018年首届中国私人银行精英赛银奖，2016年度银行业协会优秀私人财富顾问等', 'http://admin-ccb.cczuit.cn/upload/img/20211130110526415.png', 1, '上海市分行私人银行部财富顾问', 88, '2021-11-12 18:49:16', '2021-12-16 18:58:10', '');
INSERT INTO `teacher` VALUES (16, '方芃芃', '15年银行从业经验，双硕士学位，CPB持证。广东省分行私人银行首席财富顾问，建行家族办公室广东团队牵头人，团队管理资产规模140亿元，曾获首届中国优秀金融理财师称号。 受邀担任2021年第三届中国私人银行精英赛专家评审。', 'http://admin-ccb.cczuit.cn/upload/img/20211130105952717.png', 1, '广东省分行私人银行首席财富顾问', 64, '2021-11-12 18:49:49', '2021-12-16 19:00:51', '');
INSERT INTO `teacher` VALUES (17, '谢池', '11年银行从业经验，清华大学硕士学位，银行、保险、证券从业资质。福建分行私人银行财富顾问，直接管理家族客户超100户，管理家族客户资产近30亿元，曾获建行总行年度优秀财富顾问等荣誉。', 'http://admin-ccb.cczuit.cn/upload/img/20211130110122204.png', 1, '福建省分行私人银行财富顾问', 79, '2021-11-12 18:50:18', '2021-12-20 10:53:09', '');
INSERT INTO `teacher` VALUES (18, '王刚', '11年私人银行财富顾问工作经验，拥有CFP、CPB等专业资质。团队管理资产100亿元，曾获建行总行年度优秀财富顾问等荣誉。', 'http://admin-ccb.cczuit.cn/upload/img/20211112185049138.png', 0, '大连星海湾私行中心主任', 0, '2021-11-12 18:50:50', '2021-11-12 18:50:50', '');
INSERT INTO `teacher` VALUES (19, '郭娜', '17年银行从业经验，12年私人银行从业经验，客户资产规模超百亿。新加坡管理大学财富管理硕士，清华大学工商管理硕士。曾获建行总行优秀财富顾问，北京银行业协会优秀理财师等荣誉。', 'http://admin-ccb.cczuit.cn/upload/img/20211217102647360.png', 1, '北京市分行私行部财富顾问', 98, '2021-12-16 16:49:22', '2021-12-20 10:51:01', '');
INSERT INTO `teacher` VALUES (20, '王刚', '17年银行从业经验，11年私人银行财富顾问工作经验，拥有CFP、CPB等专业资质。现任大连星海湾私行中心主管，团队管理资产100亿元，曾获建行总行年度优秀财富顾问等荣誉。', 'http://admin-ccb.cczuit.cn/upload/img/20211217103109078.png', 1, '大连市分行星海湾私行中心主管', 95, '2021-12-16 16:49:55', '2021-12-20 10:52:25', '');
INSERT INTO `teacher` VALUES (21, '梁凌', '16年银行从业经验，拥有CFP、CPB等专业资质。厦门分行私行财富顾问，团队管理资产300亿元，曾获建行总行年度优秀财富顾问等荣誉。', 'http://admin-ccb.cczuit.cn/upload/img/20211217103207442.png', 1, '厦门市分行私人银行财富顾问', 75, '2021-12-16 16:50:34', '2021-12-20 10:53:20', '');

-- ----------------------------
-- Table structure for video
-- ----------------------------
DROP TABLE IF EXISTS `video`;
CREATE TABLE `video`  (
  `id` bigint(20) NOT NULL AUTO_INCREMENT COMMENT '视频编号',
  `video_title` varchar(64) CHARACTER SET utf8mb4 COLLATE utf8mb4_general_ci NOT NULL DEFAULT '' COMMENT '视频标题',
  `description` varchar(255) CHARACTER SET utf8mb4 COLLATE utf8mb4_general_ci NOT NULL DEFAULT '' COMMENT '视频简介',
  `views` int(10) UNSIGNED NOT NULL DEFAULT 0 COMMENT '观看次数统计',
  `url` varchar(255) CHARACTER SET utf8mb4 COLLATE utf8mb4_general_ci NOT NULL DEFAULT '' COMMENT '视频链接',
  `status` tinyint(3) UNSIGNED NOT NULL DEFAULT 1 COMMENT '状态：1正常 0删除 --> 软删除',
  `enjoy_count` int(10) UNSIGNED NOT NULL DEFAULT 0 COMMENT '点赞数量',
  `share_count` int(10) UNSIGNED NOT NULL DEFAULT 0 COMMENT '分享数量',
  `create_time` datetime(0) NOT NULL COMMENT '创建时间',
  `update_time` datetime(0) NOT NULL COMMENT '更新时间',
  `channel_id` bigint(11) UNSIGNED NOT NULL DEFAULT 0 COMMENT '频道ID',
  `text_page` varchar(255) CHARACTER SET utf8mb4 COLLATE utf8mb4_general_ci NOT NULL DEFAULT '0' COMMENT '视频文稿图片URL',
  `is_recommend` tinyint(2) UNSIGNED NOT NULL DEFAULT 0 COMMENT '是否推荐',
  `picture` varchar(255) CHARACTER SET utf8mb4 COLLATE utf8mb4_general_ci NOT NULL DEFAULT '0' COMMENT '封面图片URL',
  PRIMARY KEY (`id`) USING BTREE
) ENGINE = InnoDB AUTO_INCREMENT = 12 CHARACTER SET = utf8mb4 COLLATE = utf8mb4_general_ci ROW_FORMAT = Dynamic;

-- ----------------------------
-- Records of video
-- ----------------------------
INSERT INTO `video` VALUES (1, '资产配置方法论-把科学模型用“活”', '333', 1237, 'http://admin-ccb.cczuit.cn/upload/video/20211024203238143.mp4', 1, 165, 129, '2020-10-23 00:00:00', '2021-12-30 16:35:10', 17, 'http://admin-ccb.cczuit.cn/upload/img/20211220172704835.jpg', 1, 'http://admin-ccb.cczuit.cn/upload/img/20211230163507226.jpg');
INSERT INTO `video` VALUES (2, '视频二', '视频描述二', 916, 'http://admin-ccb.cczuit.cn/upload/video/20211024203238143.mp4', 0, 145, 176, '2020-10-23 00:00:00', '2021-10-24 20:25:30', 14, 'http://admin-ccb.cczuit.cn/upload/img/20211022210300431.jpg', 1, 'http://admin-ccb.cczuit.cn/upload/img/20211112193810432.jpg');
INSERT INTO `video` VALUES (3, '法律剧场', '大风浪下，如何“守”住家庭财富？', 749, 'http://admin-ccb.cczuit.cn/upload/video/20211024203238143.mp4', 0, 124, 116, '2020-10-23 00:00:00', '2021-11-30 13:50:25', 20, 'http://admin-ccb.cczuit.cn/upload/img/20211130135023581.jpeg', 1, 'http://admin-ccb.cczuit.cn/upload/img/20211130115540152.PNG');
INSERT INTO `video` VALUES (8, '资产配置方法论-划分资金体量和需求层级', '视频', 267, 'http://admin-ccb.cczuit.cn/upload/video/20211024203238143.mp4', 1, 14, 0, '2021-10-24 20:32:44', '2021-12-30 16:35:00', 17, 'http://admin-ccb.cczuit.cn/upload/img/20211220172653087.jpg', 1, 'http://admin-ccb.cczuit.cn/upload/img/20211230163457817.jpg');
INSERT INTO `video` VALUES (9, '资产配置≠产品组合', '视频1', 527, 'http://admin-ccb.cczuit.cn/upload/video/20211024203238143.mp4', 1, 61, 0, '2021-10-26 18:16:44', '2021-12-31 10:30:35', 17, 'http://admin-ccb.cczuit.cn/upload/img/20211220172615876.jpg', 1, 'http://admin-ccb.cczuit.cn/upload/img/20211230163402588.jpg');
INSERT INTO `video` VALUES (10, '我们该为养老做哪些准备', '1', 501, 'http://admin-ccb.cczuit.cn/upload/video/20211024203238143.mp4', 0, 36, 0, '2021-11-09 10:51:55', '2021-11-30 13:51:18', 18, 'http://admin-ccb.cczuit.cn/upload/img/20211130135116548.jpeg', 1, 'http://admin-ccb.cczuit.cn/upload/img/20211130115322875.PNG');
INSERT INTO `video` VALUES (11, '从资管新规出发，聊聊资产配置的那些事', '11111', 1173, 'http://admin-ccb.cczuit.cn/upload/video/20211222110049302.mp4', 1, 50, 0, '2021-11-10 15:10:40', '2021-12-30 16:33:52', 17, 'http://admin-ccb.cczuit.cn/upload/img/20211220172527927.jpg', 1, 'http://admin-ccb.cczuit.cn/upload/img/20211230163348373.jpg');

-- ----------------------------
-- Table structure for video_category_relation
-- ----------------------------
DROP TABLE IF EXISTS `video_category_relation`;
CREATE TABLE `video_category_relation`  (
  `id` bigint(20) UNSIGNED NOT NULL AUTO_INCREMENT,
  `category_id` bigint(20) UNSIGNED NOT NULL DEFAULT 0,
  `video_id` bigint(20) UNSIGNED NOT NULL DEFAULT 0,
  PRIMARY KEY (`id`) USING BTREE
) ENGINE = InnoDB AUTO_INCREMENT = 10 CHARACTER SET = utf8mb4 COLLATE = utf8mb4_general_ci ROW_FORMAT = Dynamic;

-- ----------------------------
-- Records of video_category_relation
-- ----------------------------
INSERT INTO `video_category_relation` VALUES (9, 5, 1);

-- ----------------------------
-- Table structure for video_teacher_relation
-- ----------------------------
DROP TABLE IF EXISTS `video_teacher_relation`;
CREATE TABLE `video_teacher_relation`  (
  `id` bigint(20) NOT NULL AUTO_INCREMENT COMMENT '关系编号',
  `video_id` bigint(20) NOT NULL DEFAULT 0 COMMENT '视频编号',
  `teacher_id` bigint(20) NOT NULL DEFAULT 0 COMMENT '讲师编号',
  PRIMARY KEY (`id`) USING BTREE
) ENGINE = InnoDB AUTO_INCREMENT = 149 CHARACTER SET = utf8mb4 COLLATE = utf8mb4_general_ci COMMENT = '视频和讲师一对多关系表' ROW_FORMAT = Dynamic;

-- ----------------------------
-- Records of video_teacher_relation
-- ----------------------------
INSERT INTO `video_teacher_relation` VALUES (13, 2, 6);
INSERT INTO `video_teacher_relation` VALUES (14, 2, 8);
INSERT INTO `video_teacher_relation` VALUES (54, 10, 6);
INSERT INTO `video_teacher_relation` VALUES (143, 11, 5);
INSERT INTO `video_teacher_relation` VALUES (146, 8, 6);
INSERT INTO `video_teacher_relation` VALUES (147, 1, 6);
INSERT INTO `video_teacher_relation` VALUES (148, 9, 17);

SET FOREIGN_KEY_CHECKS = 1;
